vehicle_id,timestamp,odometer_reading,engine_temp_c,oil_pressure_psi,coolant_temp_c,fuel_level_percent,vibration_level,brake_fluid_level_psi,brake_pad_wear_mm,brake_temp_c,abs_fault_indicator,brake_pedal_pos_percent,battery_voltage_v,battery_current_a,battery_temp_c,alternator_output_v,battery_charge_percent,battery_health_percent,vehicle_speed_kph,ambient_temp_c,engine_failure_imminent,brake_issue_imminent,battery_issue_imminent,failure_date,failure_type
VEH0001,2024-03-10 00:00:00,39279.98,89.16264,39.66896,94.57258,18.01687,1.875372,1054.239,9.501931,44.91725,0,58.12684,12.58283,41.27414,23.74245,14.06845,94.77285,92.51774,51.64941,29.0147,0,0,0,#########,No Failure
VEH0001,2024-03-10 01:24:00,39285.23,91.71516,22.78233,88.72224,60.39602,0.83071,902.3741,9.49912,26.56024,0,52.42245,12.24035,15.33346,23.96412,14.02952,51.33603,92.51537,61.93513,19.08415,0,0,0,#########,No Failure
VEH0001,2024-03-10 02:34:00,39322.66,87.47636,37.64418,89.70089,13.63776,1.4223,900.9067,9.497368,109.7566,0,89.52632,12.42045,2.017086,24.8772,14.51512,45.04581,92.51407,88.99924,28.15536,0,0,0,#########,No Failure
VEH0001,2024-03-10 04:21:00,39343.04,92.54691,34.42485,92.01669,84.95067,2.498971,741.751,9.493237,137.3887,0,11.72469,12.58475,-6.6122,21.40581,14.39422,76.45485,92.50999,69.45072,15.45802,0,0,0,#########,No Failure
VEH0001,2024-03-10 06:01:00,39392.82,94.91351,62.00513,91.09836,2.579728,1.613418,826.1791,9.490893,80.05103,0,80.92566,12.43065,-13.6254,27.45973,14.55132,46.43909,92.50784,56.60972,29.32884,0,0,0,#########,No Failure
VEH0001,2024-03-10 07:05:00,39406.28,98.92645,35.14611,87.8107,72.6782,0.83063,963.8458,9.482099,9.601196,0,90.82985,13.23881,9.663473,26.07375,14.01878,89.71353,92.50498,69.93439,34.86843,0,0,0,#########,No Failure
VEH0001,2024-03-10 08:43:00,39449.1,95.45184,56.48314,89.16576,22.07866,1.508817,1049.467,9.478975,123.2817,0,11.03678,11.98488,18.72107,24.32091,13.8599,67.97708,92.50035,106.1636,39.37877,0,0,0,#########,No Failure
VEH0001,2024-03-10 10:41:00,39484.3,97.05072,39.03218,90.25756,91.96524,0.699988,1029.262,9.469293,74.16349,0,61.86892,12.10024,-7.89702,20.74555,14.30664,45.13029,92.49608,90.9576,32.72891,0,0,0,#########,No Failure
VEH0001,2024-03-10 11:50:00,39500.21,100.1636,52.4078,92.22252,29.46004,0.595783,993.4576,9.466982,70.80701,0,98.4652,12.66026,21.39025,32.24486,14.02259,41.0017,92.49121,58.38521,31.36413,0,0,0,#########,No Failure
VEH0001,2024-03-10 12:54:00,39546.85,91.8067,31.75298,91.33755,15.6804,1.848568,960.2448,9.465226,33.88418,1,53.80748,13.26983,12.81607,24.36188,13.89115,75.40998,92.48965,90.90536,26.01276,0,0,0,#########,No Failure
VEH0001,2024-03-10 14:38:00,39584.84,90.52581,52.41351,89.52061,50.36401,1.057184,925.3411,9.457624,44.24423,0,57.05098,12.59614,-7.40195,25.24787,14.47709,83.72023,92.486,95.42972,30.45057,0,0,0,#########,No Failure
VEH0001,2024-03-10 15:57:00,39634.79,97.21414,45.36635,89.65348,27.04439,1.389148,1114.52,9.456393,74.19808,0,44.33966,13.32561,36.09221,23.87937,14.83893,99.31172,92.48429,60.97579,42.51269,0,0,0,#########,No Failure
VEH0001,2024-03-10 17:39:00,39675.54,93.84814,46.77294,87.62735,92.9582,2.091142,1117.969,9.450114,-4.21207,0,26.60516,11.90158,36.07676,26.82364,13.84369,93.6143,92.48155,59.12577,34.99063,0,0,0,#########,No Failure
VEH0001,2024-03-10 19:16:00,39708.54,90.32165,41.18749,86.51073,41.13566,1.464947,827.4997,9.441154,157.5808,0,36.41109,12.24437,11.1283,22.13045,14.38339,48.98106,92.48007,88.65858,9.191477,0,0,0,#########,No Failure
VEH0001,2024-03-10 21:06:00,39712.61,89.9499,30.62753,92.85929,83.91913,1.268333,1070.023,9.433542,56.92597,0,8.962064,12.61753,6.521393,25.85238,13.7652,93.28535,92.47676,114.4829,32.64285,0,0,0,#########,No Failure
VEH0001,2024-03-10 23:03:00,39743.13,105.4571,36.39556,97.41447,3.117533,0.610292,1033.761,9.427265,118.2397,0,49.19514,11.73653,20.79409,24.24144,14.28432,75.51445,92.47285,141.0408,27.72186,0,0,0,#########,No Failure
VEH0001,2024-03-11 00:41:00,39756.32,96.65375,55.41052,89.89245,76.84975,1.411806,1112.265,9.423635,151.0824,0,38.25864,12.86271,29.21239,31.40478,13.73035,94.79121,92.46901,40.75477,33.53146,0,0,0,#########,No Failure
VEH0001,2024-03-11 02:03:00,39803.77,82.96522,64.2408,92.10789,86.12438,1.492702,1016.537,9.418931,99.1128,0,17.31583,12.48181,14.37766,17.33363,13.84436,51.52458,92.46682,59.28647,3.724681,0,0,0,#########,No Failure
VEH0001,2024-03-11 03:17:00,39830.64,110.1565,52.10891,91.63364,90.11544,1.820706,952.9126,9.414444,127.4575,0,44.89818,13.28109,-8.16698,22.06415,13.88815,46.9899,92.46224,22.5879,30.84526,0,0,0,#########,No Failure
VEH0001,2024-03-11 04:59:00,39855.31,98.97258,53.5972,84.90866,73.18186,1.443318,995.6357,9.412711,23.09494,0,50.31044,12.59686,18.69277,23.00953,14.53028,69.74127,92.4581,86.76147,37.09986,0,0,0,#########,No Failure
VEH0001,2024-03-11 06:30:00,39896.57,98.59547,52.00351,87.02658,46.64169,1.705277,830.6229,9.408107,-25.8259,1,56.69776,13.31866,-3.72982,31.25139,14.06822,71.70531,92.45464,60.63159,12.08459,0,0,0,#########,No Failure
VEH0001,2024-03-11 08:00:00,39939.53,97.92342,50.46775,88.34133,60.06693,1.908896,971.394,9.404451,47.01457,0,73.56589,11.73,51.77815,20.8505,13.62104,49.13658,92.45151,73.64962,20.6329,0,0,0,#########,No Failure
VEH0001,2024-03-11 09:17:00,39958.58,87.55795,48.20602,95.58502,9.687759,1.220315,1138.385,9.39983,54.93521,0,2.420468,12.22805,-16.3573,28.62191,14.41736,53.40718,92.44901,38.27165,27.07353,0,0,0,#########,No Failure
VEH0001,2024-03-11 11:10:00,39983.86,96.32117,32.29932,98.15657,82.13228,1.68144,1054.63,9.395781,140.4895,0,84.08502,12.55327,18.68035,31.83413,13.88358,91.6137,92.44546,16.98187,25.24173,0,0,0,#########,No Failure
VEH0001,2024-03-11 12:15:00,40010.13,97.20961,64.39178,91.70502,5.512937,1.526139,1065.881,9.38872,53.79772,1,50.10821,13.12607,-5.74726,28.05734,14.20593,49.30909,92.44415,38.14789,36.96183,0,0,0,#########,No Failure
VEH0001,2024-03-11 13:56:00,40047.94,99.53788,32.39616,85.53564,86.50856,1.584563,846.879,9.385726,126.2804,0,25.94961,13.1378,-8.78088,31.0423,13.99429,93.68715,92.4393,71.60929,36.31151,0,0,0,#########,No Failure
VEH0001,2024-03-11 15:01:00,40097.13,96.66345,47.06523,89.73809,48.47478,2.562324,1016.551,9.377979,102.675,0,28.66419,12.25387,28.40895,23.7103,13.9656,71.92879,92.43485,76.93687,26.52019,0,0,0,#########,No Failure
VEH0001,2024-03-11 16:07:00,40137.66,105.1796,24.71902,92.38538,81.38831,2.081376,985.8588,9.370778,-7.52022,0,16.76089,13.46716,26.33386,24.34865,14.47265,60.94145,92.43313,3.340311,31.91854,0,0,0,#########,No Failure
VEH0001,2024-03-11 17:52:00,40155.18,85.48014,59.88419,86.11442,33.73488,1.073606,997.9279,9.369481,110.5531,0,37.89289,13.05453,-39.4249,36.65021,14.32057,91.42187,92.43166,71.16241,36.34423,0,0,0,#########,No Failure
VEH0001,2024-03-11 19:06:00,40196.91,92.88902,61.92344,94.45218,32.58844,2.323574,940.0519,9.368426,171.943,1,13.50823,11.97594,11.449,24.12011,14.38261,52.4148,92.42869,6.888461,10.18879,0,0,0,#########,No Failure
VEH0001,2024-03-11 20:22:00,40200.06,93.66641,60.0264,86.88643,80.19861,2.154043,956.1517,9.364646,164.86,0,7.173716,12.94306,7.396908,33.16347,14.29243,78.32439,92.42611,117.015,27.81214,0,0,0,#########,No Failure
VEH0001,2024-03-11 22:05:00,40239.8,96.3812,45.36491,85.60893,98.97344,1.29826,1141.361,9.358212,72.76582,1,21.9849,12.72742,39.29023,19.52535,13.90038,57.18556,92.42196,106.1914,24.19284,0,0,0,#########,No Failure
VEH0001,2024-03-11 23:12:00,40285.64,96.07694,32.47211,88.43934,97.40257,1.986695,1076.25,9.351297,84.20963,0,34.86722,13.6443,5.410133,25.71466,14.06246,52.63403,92.4194,74.02767,42.76819,0,0,0,#########,No Failure
VEH0001,2024-03-12 00:39:00,40333.97,102.1072,25.34812,87.47648,80.23086,2.137879,998.3775,9.346882,104.8193,0,17.26064,12.16464,-15.0372,22.54962,13.91387,52.0265,92.41596,86.70909,28.62644,0,0,0,#########,No Failure
VEH0001,2024-03-12 01:51:00,40340.49,87.74564,55.42381,97.41551,5.499228,1.062658,966.9118,9.340925,122.8884,0,58.03279,12.46048,10.62889,15.52133,14.14197,60.07605,92.41482,79.13369,15.46326,0,0,0,#########,No Failure
VEH0001,2024-03-12 03:36:00,40344.3,104.1223,37.95288,90.25389,25.79035,1.492387,889.3233,9.335213,112.2552,1,35.62936,12.55697,23.9659,25.02364,13.93538,76.77454,92.41285,40.53617,37.53298,0,0,0,#########,No Failure
VEH0001,2024-03-12 05:22:00,40360.94,95.94258,56.67438,89.69252,29.46608,1.39119,1033.785,9.326408,51.98069,0,10.85089,12.67247,16.53751,21.02365,14.1414,88.61592,92.40957,27.95079,34.55018,0,0,0,#########,No Failure
VEH0001,2024-03-12 06:47:00,40373.91,94.00969,28.52686,91.89409,13.72696,0.78312,958.3374,9.318956,79.37256,0,90.28853,13.00014,-3.39485,18.25308,14.46027,91.19388,92.40582,79.29255,31.76007,0,0,0,#########,No Failure
VEH0001,2024-03-12 08:09:00,40404.12,91.94824,59.59221,94.05397,87.15097,1.209224,993.9561,9.316969,7.895621,1,46.99213,13.12394,-9.71602,20.58855,14.09344,50.84399,92.40463,53.31418,13.14684,0,0,0,#########,No Failure
VEH0001,2024-03-12 10:01:00,40446.01,99.98305,55.22736,90.92101,72.85445,1.450352,1133.506,9.309989,60.02354,0,1.75938,12.05812,21.14349,28.75049,14.33473,88.65831,92.40036,95.90157,27.42794,0,0,0,#########,No Failure
VEH0001,2024-03-12 11:57:00,40491.95,91.88935,29.55066,92.08215,43.92884,0.951994,928.269,9.301626,67.42534,0,28.73013,12.43236,25.54374,22.30042,14.07751,84.4522,92.39566,80.80452,24.25762,0,0,0,#########,No Failure
VEH0001,2024-03-12 13:23:00,40502.71,96.14236,46.30951,88.38786,67.70125,0.468377,896.9627,9.294143,-31.8643,0,4.595158,12.91911,15.86359,28.68645,14.40394,40.15845,92.3938,45.34641,36.93924,0,0,0,#########,No Failure
VEH0001,2024-03-12 14:30:00,40530.59,99.08965,41.74916,90.49762,55.37218,1.82449,982.632,9.289274,102.8584,0,67.80854,13.54645,13.81074,26.34976,14.72886,76.53869,92.3914,177.9929,16.65446,0,0,0,#########,No Failure
VEH0001,2024-03-12 16:10:00,40535.06,93.1826,37.51918,86.38232,14.38906,1.665532,848.3938,9.282523,40.32537,0,9.05236,12.62077,-25.2233,32.00577,14.20612,97.80649,92.38644,67.26925,29.02924,0,0,0,#########,No Failure
VEH0002,2024-03-10 00:00:00,55643.49,98.70301,30.5493,86.86482,68.09213,2.297772,551.8156,9.054225,359.2778,0,16.38425,13.08063,28.29998,16.89368,14.2278,49.36667,98.96168,74.46532,25.41383,0,1,0,#########,Low Brake Fluid
VEH0002,2024-03-10 01:03:00,55646.47,85.27923,50.25973,85.41872,8.512885,1.703471,1057.62,9.04763,92.68686,0,17.10263,13.12304,14.4703,34.40329,14.79202,42.85806,98.95712,79.33293,27.04496,0,0,0,#########,No Failure
VEH0002,2024-03-10 03:03:00,55659.56,98.01727,63.41227,84.45968,30.38692,2.025078,953.0281,9.045124,82.45185,0,9.384029,13.42178,25.75171,34.65126,14.10545,78.74213,98.95356,53.51806,29.28325,0,0,0,#########,No Failure
VEH0002,2024-03-10 04:04:00,55702.54,97.65965,36.47404,92.21058,95.54209,1.509314,862.9692,9.036179,56.40989,0,76.87743,12.20873,56.71688,18.41271,13.73328,50.44723,98.94885,0.0,20.01531,0,0,0,#########,No Failure
VEH0002,2024-03-10 05:40:00,55733.5,93.34821,37.03977,92.14524,2.969975,1.635868,994.3568,9.030455,68.17616,0,8.658081,13.90109,-6.42028,34.33112,13.88502,94.39342,98.94428,114.7711,44.37902,0,0,0,#########,No Failure
VEH0002,2024-03-10 07:07:00,55766.51,87.02438,40.56881,91.64098,48.00212,2.42719,1011.765,9.02179,155.9843,0,3.480001,12.97932,-0.56617,25.99059,14.16243,67.3419,98.93929,170.5582,42.22687,0,0,0,#########,No Failure
VEH0002,2024-03-10 08:28:00,55770.56,96.97837,52.01697,89.76456,13.57279,1.752515,978.8777,9.016049,96.0253,1,41.5449,13.02559,21.70464,27.39351,13.98882,91.42935,98.93794,100.7696,32.43904,0,0,0,#########,No Failure
VEH0002,2024-03-10 10:11:00,55817.54,97.08784,47.49107,91.18941,24.96736,1.969015,909.133,9.012938,107.4387,0,83.56776,12.40282,57.34188,21.64015,13.97043,74.99438,98.93678,57.99689,26.56234,0,0,0,#########,No Failure
VEH0002,2024-03-10 11:27:00,55817.67,94.85641,51.77502,91.35528,22.0899,1.251364,1010.253,9.004582,92.38612,0,34.31255,12.08873,20.68662,20.97462,14.18166,53.99801,98.93491,180.0,26.34884,0,0,0,#########,No Failure
VEH0002,2024-03-10 13:24:00,55830.13,94.13682,33.41953,89.35053,30.25521,1.579339,1095.45,9.001471,92.27217,0,51.98604,12.57107,15.93995,30.86648,14.15557,73.54641,98.93245,55.53159,17.88975,0,0,0,#########,No Failure
VEH0002,2024-03-10 14:54:00,55868.51,102.4899,45.98099,89.39552,27.18458,1.765869,1005.736,8.991724,89.68025,0,49.34315,13.45754,-7.10722,27.47698,14.20554,56.22931,98.92947,34.5001,27.32747,0,0,0,#########,No Failure
VEH0002,2024-03-10 16:38:00,55872.42,98.25126,52.59374,92.99537,77.32181,1.439203,922.1673,8.985079,52.19432,0,43.46351,12.56335,-23.2016,31.63876,14.61756,43.43686,98.92501,101.7069,25.67835,0,0,0,#########,No Failure
VEH0002,2024-03-10 17:52:00,55896.22,89.55292,49.27329,89.64601,21.33666,1.740121,1002.884,8.97616,122.3835,0,96.4151,12.40892,27.96289,23.7858,14.32127,58.29567,98.92159,132.1719,23.84617,0,0,0,#########,No Failure
VEH0002,2024-03-10 19:28:00,55938.52,91.74906,44.39908,88.45752,89.06032,1.595676,974.673,8.973591,131.8781,0,64.4654,12.04589,33.63582,31.81404,14.90476,86.39307,98.9185,146.8049,37.91215,0,0,0,#########,No Failure
VEH0002,2024-03-10 20:40:00,55986.16,100.9831,47.75166,90.33818,66.73561,1.685387,1030.839,8.966213,56.96469,0,40.87955,12.55565,50.26034,26.2999,14.30513,41.32008,98.9146,87.01685,31.62977,0,0,0,#########,No Failure
VEH0002,2024-03-10 22:08:00,56024.54,91.34119,26.75162,92.56207,7.713225,1.065137,901.7354,8.957765,63.94109,1,56.36344,11.96901,-4.47896,17.64795,14.29758,65.37341,98.91322,76.8988,31.46497,0,0,0,#########,No Failure
VEH0002,2024-03-10 23:29:00,56028.77,89.72936,31.15436,88.35583,5.034965,1.30108,818.1319,8.951841,96.9251,0,79.09009,12.90702,-9.62964,24.33256,14.54458,91.62871,98.91124,79.77196,21.05753,0,0,0,#########,No Failure
VEH0002,2024-03-11 01:08:00,56059.99,97.14618,62.20113,87.61446,59.78026,1.758566,947.9436,8.94199,137.357,0,28.20644,12.89257,24.98771,22.84253,14.31746,50.99675,98.91008,41.21874,30.49203,0,0,0,#########,No Failure
VEH0002,2024-03-11 03:03:00,56078.79,96.4009,49.3387,96.20628,14.14959,2.310237,890.3258,8.935669,159.0043,0,97.80683,12.96908,-13.944,26.38719,14.05255,89.86738,98.90528,50.49639,40.17227,0,0,0,#########,No Failure
VEH0002,2024-03-11 04:13:00,56080.8,94.55796,40.50218,89.12736,68.50329,1.082869,947.0221,8.932625,39.05145,0,81.3495,12.98077,-5.13832,31.84372,13.83441,79.98522,98.90032,134.2472,25.89183,0,0,0,#########,No Failure
VEH0002,2024-03-11 05:14:00,56118.03,92.98083,52.75673,91.48668,5.882049,0.961281,1055.499,8.927349,172.4537,0,82.75884,12.86048,1.731324,23.24647,14.35608,68.17127,98.89655,40.44673,24.11746,0,0,0,#########,No Failure
VEH0002,2024-03-11 06:44:00,56154.19,99.77301,56.72492,97.52762,70.21781,0.504417,905.9883,8.92441,101.2607,0,57.34338,11.42439,38.13549,30.90364,14.38473,58.07139,98.89487,50.51054,27.36876,0,0,0,#########,No Failure
VEH0002,2024-03-11 08:28:00,56170.84,93.25825,63.73504,88.01414,22.30509,1.64036,936.3927,8.919116,152.1963,0,92.96953,12.4605,3.623136,15.96389,14.22816,62.67502,98.89066,54.15711,29.99243,0,0,0,#########,No Failure
VEH0002,2024-03-11 09:56:00,56202.93,96.89871,42.33832,90.06293,87.3462,0.972858,1000.367,8.917239,72.49914,0,30.30694,11.80051,36.45733,25.07122,14.30288,42.26728,98.88808,154.2796,29.70032,0,0,0,#########,No Failure
VEH0002,2024-03-11 11:53:00,56223.03,88.0173,39.08447,90.57742,66.43291,1.406538,1019.348,8.912063,54.8906,0,1.035364,12.32455,21.14641,24.42021,14.20087,44.43279,98.88389,64.07939,26.69313,0,0,0,#########,No Failure
VEH0002,2024-03-11 13:00:00,56251.03,99.76119,52.67161,92.35522,89.4387,1.527874,1022.688,8.91099,143.2484,0,8.732671,12.19245,-10.5943,22.85207,14.22956,61.62321,98.88189,37.23789,29.85439,0,0,0,#########,No Failure
VEH0002,2024-03-11 14:31:00,56294.45,98.64968,37.68379,88.33722,63.72273,1.276134,1011.874,8.905031,190.2186,0,17.86364,12.57552,24.88152,20.75899,14.45315,82.75024,98.87898,22.49682,10.32893,0,0,0,#########,No Failure
VEH0002,2024-03-11 16:25:00,56308.66,100.5475,49.15788,85.38962,48.57973,1.703917,1040.411,8.897944,87.07737,0,60.14124,12.35075,1.203776,25.82915,14.1502,88.91839,98.87584,135.9529,33.36342,0,0,0,#########,No Failure
VEH0002,2024-03-11 17:42:00,56311.48,90.82444,47.45648,90.43656,93.85963,1.325146,996.1931,8.894717,48.46113,0,73.32309,11.99546,-0.8936,16.72421,14.50094,86.3807,98.87359,106.8695,30.9849,0,0,0,#########,No Failure
VEH0002,2024-03-11 19:02:00,56359.35,101.7878,51.77713,92.14451,14.83455,1.225325,965.5259,8.884858,47.09801,0,86.07848,12.97932,7.451237,22.77178,13.946,45.4287,98.86969,28.89505,35.22495,0,0,0,#########,No Failure
VEH0002,2024-03-11 21:00:00,56368.3,99.22593,67.8049,95.60118,47.54989,1.721345,1008.065,8.883492,-29.1101,0,22.853,12.95059,26.31207,27.09126,14.12302,88.86569,98.86807,91.83485,24.07993,0,0,0,#########,No Failure
VEH0002,2024-03-11 22:59:00,56369.79,91.03378,33.9631,94.99063,31.44678,1.648766,1106.459,8.880486,7.488798,0,96.72321,13.14543,-6.15581,19.10928,13.85818,73.19576,98.86331,46.63335,32.85091,0,0,0,#########,No Failure
VEH0002,2024-03-12 00:08:00,56412.6,93.23754,52.22172,90.34047,45.33505,1.041638,1039.796,8.87615,58.9835,0,48.21136,11.84369,38.59591,33.59969,13.51578,44.75315,98.85992,115.432,36.89654,0,0,0,#########,No Failure
VEH0002,2024-03-12 01:33:00,56444.52,93.77256,41.51273,93.63846,13.49033,1.447454,888.0881,8.871189,41.79223,0,13.55857,12.71601,14.38631,19.40688,13.37266,84.58925,98.8575,102.5173,34.68441,0,0,0,#########,No Failure
VEH0002,2024-03-12 03:30:00,56468.53,99.54306,42.26194,88.52881,86.59635,1.278962,778.4088,8.867846,126.4486,0,97.54356,12.54232,-18.1772,18.46448,14.34799,43.04531,98.85336,89.64403,33.45765,0,0,0,#########,No Failure
VEH0002,2024-03-12 05:01:00,56493.04,100.0933,33.51597,91.07929,32.10839,1.976964,1033.375,8.85944,129.202,0,31.09827,11.90012,-6.80592,24.51788,13.80598,76.24524,98.85014,52.3114,28.7039,0,0,0,#########,No Failure
VEH0002,2024-03-12 06:39:00,56529.36,96.737,29.94441,85.17277,55.8336,0.994319,756.4903,8.853273,53.62207,0,65.55427,12.39655,8.160257,27.05316,14.19978,47.1827,98.84528,83.43887,29.61239,0,0,0,#########,No Failure
VEH0002,2024-03-12 08:15:00,56572.66,87.82328,26.15315,89.81347,40.13579,1.185764,934.9156,8.84691,13.88017,0,97.25931,12.4381,7.300287,29.48493,14.05929,47.10239,98.84293,82.17953,33.98667,0,0,0,#########,No Failure
VEH0002,2024-03-12 10:02:00,56584.93,94.9183,54.12157,92.23641,1.371833,0.760693,923.5444,8.838145,201.6728,0,10.32452,12.39773,-7.71667,19.61527,14.50743,51.71204,98.84187,49.61671,42.71727,0,0,0,#########,No Failure
VEH0003,2024-03-10 00:00:00,41432.0,100.0447,50.41787,90.90661,53.285,2.729265,930.823,6.606986,103.373,1,48.43024,12.42024,28.84187,31.37492,14.21398,49.12723,91.9818,137.2021,35.35065,0,0,0,#########,No Failure
VEH0003,2024-03-10 01:51:00,41480.67,92.69168,51.85407,91.91947,17.77025,0.495318,917.8931,6.599306,114.4518,0,77.83113,12.98492,32.00814,32.46154,14.44512,56.50795,91.98016,12.57186,22.08849,0,0,0,#########,No Failure
VEH0003,2024-03-10 03:14:00,41528.35,92.00256,33.35502,88.8171,39.30519,1.665653,929.6152,6.59028,125.2277,0,48.38494,12.2762,-8.89114,15.66659,13.81036,59.38982,91.97807,122.3859,38.0752,0,0,0,#########,No Failure
VEH0003,2024-03-10 04:22:00,41535.13,96.51813,75.64889,93.07521,80.34891,2.771989,833.3321,6.581306,58.65769,0,24.83765,12.74708,4.265199,17.80304,14.40515,82.41314,91.97503,72.1366,20.51725,0,0,0,#########,No Failure
VEH0003,2024-03-10 05:49:00,41550.58,95.45311,40.99742,86.61114,60.80255,1.618276,1099.85,6.579099,60.66043,0,42.15377,12.35045,4.089717,25.82491,14.50175,75.1399,91.97386,82.63088,33.51671,0,0,0,#########,No Failure
VEH0003,2024-03-10 07:47:00,41561.59,89.88386,52.75258,90.4351,80.17705,1.126781,948.3159,6.577326,105.2267,0,38.13903,12.4787,31.8061,26.21626,14.3891,73.76563,91.97091,7.656515,10.17865,0,0,0,#########,No Failure
VEH0003,2024-03-10 09:28:00,41594.9,98.81588,47.54047,90.85106,92.44965,1.641379,1140.723,6.573227,133.5511,0,18.50476,12.73555,22.20826,20.31255,14.5024,45.41645,91.96648,71.09956,26.90606,0,0,0,#########,No Failure
VEH0003,2024-03-10 10:31:00,41602.34,95.07643,46.97131,92.02462,17.33602,1.414393,915.0769,6.567589,76.83951,0,46.72782,12.92812,76.78959,28.2423,14.04498,66.13528,91.96209,94.38504,32.61666,0,0,0,#########,No Failure
VEH0003,2024-03-10 11:41:00,41637.19,87.44197,45.73001,90.87138,68.17305,1.252455,971.8712,6.566339,95.09958,0,86.52222,12.40409,6.020433,18.55533,14.22802,86.92973,91.95744,0.0,23.72671,0,0,0,#########,No Failure
VEH0003,2024-03-10 13:08:00,41685.39,98.86806,57.41728,97.57389,49.42771,2.30919,1002.995,6.561858,103.318,0,68.64953,12.76909,14.72267,15.84677,14.36275,52.00549,91.9552,73.42691,27.92671,0,0,0,#########,No Failure
VEH0003,2024-03-10 14:18:00,41705.07,83.10287,54.07462,85.41556,85.23694,1.9208,1183.902,6.558757,46.33478,0,40.29923,12.50462,35.85939,28.66763,14.28544,88.23821,91.95363,70.38151,47.43503,0,0,0,#########,No Failure
VEH0003,2024-03-10 15:34:00,41725.23,96.99218,25.38335,90.60167,42.50904,1.504296,1056.064,6.554017,-13.4292,0,92.23639,12.86843,18.26526,26.93888,13.52823,93.02465,91.95079,0.636765,36.6929,0,0,0,#########,No Failure
VEH0003,2024-03-10 17:19:00,41749.25,96.95158,37.79556,89.73781,1.804023,1.174961,817.2075,6.548282,37.9378,0,9.424265,12.75796,-20.1304,20.38283,14.26421,51.04931,91.94971,89.74791,38.32297,0,0,0,#########,No Failure
VEH0003,2024-03-10 18:59:00,41783.8,93.85166,42.26542,87.56276,89.1159,1.907453,986.2016,6.544185,78.07822,0,28.46026,12.59442,21.51234,24.25415,14.37449,96.9379,91.9473,67.94094,27.17403,0,0,0,#########,No Failure
VEH0003,2024-03-10 20:36:00,41814.27,96.99876,37.9441,87.80239,95.91494,2.427754,991.241,6.541349,34.106,1,13.51319,13.20507,2.145949,21.21854,14.30771,64.93128,91.94545,25.07921,16.61412,0,0,0,#########,No Failure
VEH0003,2024-03-10 22:30:00,41816.45,91.46697,51.95121,90.76653,52.00821,1.842656,1025.126,6.531791,43.9936,1,13.13808,11.55123,31.6575,21.28181,14.64812,63.16534,91.94255,3.223811,17.1982,0,0,0,#########,No Failure
VEH0003,2024-03-11 00:23:00,41855.57,95.76982,26.88357,88.5634,26.86353,2.329833,1005.405,6.528892,3.560342,0,72.05389,12.99434,16.86445,27.42431,14.11731,52.48013,91.94074,23.48012,38.31415,0,0,0,#########,No Failure
VEH0003,2024-03-11 01:24:00,41878.88,92.50303,49.57447,84.84621,62.79145,1.586219,979.7297,6.52086,62.71106,1,71.7856,12.25281,30.9845,25.71154,13.68179,40.56631,91.93674,52.16736,48.45278,0,0,0,#########,No Failure
VEH0003,2024-03-11 03:12:00,41923.52,92.79842,31.33391,89.08182,95.66645,1.20498,841.3542,6.514185,159.3818,0,79.63245,12.00867,30.85441,19.68069,14.41779,54.49098,91.93522,49.1507,29.01251,0,0,0,#########,No Failure
VEH0003,2024-03-11 04:57:00,41955.08,84.43213,53.49511,96.64073,69.90643,2.282491,895.0405,6.511919,52.16055,0,90.00036,12.98578,-1.06494,22.97074,14.49808,82.12398,91.93371,43.8643,29.87161,0,0,0,#########,No Failure
VEH0003,2024-03-11 06:21:00,41994.49,90.29349,49.85746,87.04402,64.90007,2.30289,984.3756,6.505018,-4.31369,0,40.86874,12.42625,3.237571,17.20578,14.04242,94.96628,91.93213,73.30733,32.67625,0,0,0,#########,No Failure
VEH0003,2024-03-11 07:31:00,42032.71,100.39,35.27515,94.68914,11.77992,1.903927,1122.094,6.501534,21.56317,0,45.40484,12.3391,20.80848,23.65189,14.433,93.94868,91.92961,105.2969,27.97283,0,0,0,#########,No Failure
VEH0003,2024-03-11 08:37:00,42066.31,92.30297,56.15555,94.07959,94.764,1.468391,959.4653,6.500103,96.15113,0,92.39898,12.00565,-3.12702,27.68927,14.46946,52.88997,91.92834,54.92503,38.23575,0,0,0,#########,No Failure
VEH0003,2024-03-11 09:43:00,42104.45,93.86199,43.21631,89.27602,15.23029,0.916414,1060.28,6.492521,141.8742,0,19.01192,13.14752,-17.4591,24.55527,14.24328,74.67786,91.92346,55.8739,25.18446,0,0,0,#########,No Failure
VEH0003,2024-03-11 10:55:00,42109.79,86.72026,47.33327,87.45688,81.20331,2.473356,1060.034,6.487686,89.72127,0,44.59071,12.08596,7.502999,28.83498,14.29264,93.4679,91.92076,117.5926,43.49744,0,0,0,#########,No Failure
VEH0003,2024-03-11 12:43:00,42155.96,91.99002,52.95974,90.05506,46.21521,1.715646,1046.241,6.483445,118.6125,0,78.84059,12.77533,21.5357,24.70272,14.07937,54.52421,91.91667,82.05335,24.19762,0,0,0,#########,No Failure
VEH0003,2024-03-11 13:54:00,42176.83,97.12363,39.52737,94.89638,42.84447,1.387275,917.7738,6.479357,-4.11455,0,75.93011,13.41765,19.73514,25.59525,14.45163,41.21878,91.9134,16.36566,15.32738,0,0,0,#########,No Failure
VEH0003,2024-03-11 15:36:00,42190.45,94.54142,46.6191,87.92254,59.70652,0.487422,948.0998,6.473537,49.02576,0,45.80996,11.64145,33.364,28.64412,14.05894,62.5208,91.90995,60.85432,24.49806,0,0,0,#########,No Failure
VEH0003,2024-03-11 17:31:00,42239.71,91.50485,49.15771,92.13589,25.08778,1.454784,999.9416,6.470235,44.03034,0,69.75512,11.4328,75.63222,20.78756,14.26266,86.9585,91.9082,100.8085,46.16173,0,0,0,#########,No Failure
VEH0003,2024-03-11 18:31:00,42264.32,93.0153,37.0709,86.91648,44.59981,1.402235,953.4377,6.467031,115.2443,0,3.252012,14.17106,-35.9905,24.40477,13.83477,91.24496,91.90496,13.73376,8.379462,0,0,0,#########,No Failure
VEH0003,2024-03-11 19:38:00,42272.44,93.28188,34.20148,89.7953,16.22627,1.042035,1026.03,6.457314,70.9195,0,80.86094,12.61903,3.093516,16.78093,14.58273,52.51657,91.90193,62.17031,45.45044,0,0,0,#########,No Failure
VEH0003,2024-03-11 21:07:00,42291.35,88.14494,29.15855,92.38252,66.14864,1.200056,1074.645,6.451234,37.67998,0,74.80636,12.6157,12.8196,33.51777,14.31518,75.00828,91.89782,38.36129,23.38421,0,0,0,#########,No Failure
VEH0003,2024-03-11 22:47:00,42304.84,95.31657,22.08025,94.13962,65.71587,1.204566,1093.399,6.446192,181.8457,1,52.18433,12.43343,18.60508,19.80778,14.35529,69.31091,91.8929,0.0,39.77301,0,0,0,#########,No Failure
VEH0003,2024-03-12 00:14:00,42332.98,80.48217,57.98325,91.55558,35.97152,0.9938,1230.457,6.440574,52.83503,0,41.16925,12.42447,9.4129,25.83039,14.56847,84.44521,91.89158,47.46028,22.33488,0,0,0,#########,No Failure
VEH0003,2024-03-12 01:30:00,42370.12,97.64577,60.9531,90.20798,80.29409,2.090241,1102.781,6.432004,219.7957,0,28.59162,12.68304,35.3287,18.12325,14.06716,90.62669,91.88731,94.91767,26.91573,0,0,0,#########,No Failure
VEH0003,2024-03-12 03:23:00,42406.67,86.04162,47.44501,90.16768,28.3474,1.41366,925.4358,6.42303,48.10129,0,13.38377,13.27594,-37.6807,28.28097,14.07388,62.79347,91.88244,74.9218,27.3498,0,0,0,#########,No Failure
VEH0003,2024-03-12 04:28:00,42455.69,90.97491,48.30457,91.22638,57.19867,1.633499,1009.544,6.421121,11.46191,0,93.19166,12.41264,10.24556,25.68516,14.22855,92.32884,91.87859,106.0967,36.66263,0,0,0,#########,No Failure
VEH0003,2024-03-12 05:39:00,42489.77,92.29741,45.38559,96.48964,75.36063,2.056348,1147.633,6.415944,68.90323,0,60.58178,12.59458,51.95019,40.74916,14.00057,74.44349,91.87383,35.00898,39.76695,0,0,0,#########,No Failure
VEH0004,2024-03-10 00:00:00,99452.87,99.59117,38.80475,91.5418,69.08372,2.135689,936.8762,9.347271,15.40902,1,2.331934,12.80327,-29.0722,15.24309,13.77581,75.29921,92.82878,6.209917,21.72704,0,0,0,#########,No Failure
VEH0004,2024-03-10 01:32:00,99453.79,97.11689,48.31134,87.7985,59.77488,1.331038,877.5361,9.340234,78.22495,0,45.6206,13.48919,-5.51954,31.69453,14.18467,92.0138,92.82638,34.44737,20.10823,0,0,0,#########,No Failure
VEH0004,2024-03-10 03:26:00,99486.53,99.69371,50.63612,88.85621,14.6504,1.852107,988.0546,9.330235,115.7426,0,55.02747,13.42383,13.29227,26.25702,14.51991,63.2715,92.82261,64.30851,37.00218,0,0,0,#########,No Failure
VEH0004,2024-03-10 05:26:00,99511.79,99.75897,58.63314,90.81348,71.98844,0.528543,1135.926,9.324873,5.377973,0,26.55706,12.64119,20.3256,29.49643,14.57081,99.05487,92.82029,85.61993,29.62727,0,0,0,#########,No Failure
VEH0004,2024-03-10 06:32:00,99542.26,94.42589,44.48912,89.14155,43.40075,1.762193,851.769,9.321052,191.1323,0,97.31658,12.69317,-20.8371,29.86479,14.46271,75.83394,92.81858,84.85306,21.26633,0,0,0,#########,No Failure
VEH0004,2024-03-10 07:34:00,99588.89,95.89086,40.82322,87.55467,31.77875,1.72299,970.3667,9.315063,90.05292,0,0.157694,12.16802,17.77296,21.26163,13.95285,49.04156,92.8149,48.29019,21.38485,0,0,0,#########,No Failure
VEH0004,2024-03-10 09:32:00,99604.7,86.77239,41.29204,89.75779,76.84579,0.926806,974.0148,9.313056,49.4821,0,44.88795,13.47118,20.33287,24.54022,14.33001,74.15974,92.81077,54.17349,49.05899,0,0,0,#########,No Failure
VEH0004,2024-03-10 10:40:00,99613.08,83.63495,26.80118,91.49128,73.332,1.525204,1175.205,9.304504,52.18643,0,45.54777,13.06977,25.05949,19.52092,13.37858,93.27277,92.8071,72.92196,52.1752,0,0,0,#########,No Failure
VEH0004,2024-03-10 11:54:00,99648.21,102.5913,48.94729,93.54032,38.69081,1.993997,882.3178,9.297991,166.901,0,68.01703,12.75669,35.36806,22.58841,13.59772,65.26768,92.80477,73.0369,30.6022,0,0,0,#########,No Failure
VEH0004,2024-03-10 13:11:00,99679.61,94.30698,58.94072,92.52014,98.88182,1.96022,928.3722,9.294226,85.27155,0,12.738,11.50892,8.492549,24.90749,14.28972,50.7857,92.80041,127.4158,29.89708,0,0,0,#########,No Failure
VEH0004,2024-03-10 14:47:00,99689.21,93.63254,41.13774,92.93629,99.89448,1.850896,846.288,9.287214,27.75304,0,4.966942,12.90095,41.88427,20.6914,14.61924,81.09705,92.7994,100.6937,7.75374,0,0,0,#########,No Failure
VEH0004,2024-03-10 15:50:00,99721.73,95.08157,37.23735,92.46089,15.2635,1.564276,618.7796,9.279881,331.3888,0,45.22176,12.62988,17.64529,27.08286,14.00243,75.43978,92.79523,34.75745,63.34846,0,1,0,#########,Brake Pad Worn
VEH0004,2024-03-10 17:47:00,99771.57,97.15447,34.88048,90.87153,16.75753,1.890723,1023.887,9.274302,42.08601,0,9.097315,11.8583,-39.2532,26.65797,13.8837,65.3149,92.7932,31.11547,27.10132,0,0,0,#########,No Failure
VEH0004,2024-03-10 18:53:00,99815.99,96.94269,48.51054,88.73719,54.02871,1.340375,988.5149,9.266584,-27.3122,0,85.37209,12.21805,42.36292,22.14851,13.66553,92.94795,92.78984,20.3214,25.79295,0,0,0,#########,No Failure
VEH0004,2024-03-10 20:34:00,99862.23,98.51484,48.78744,92.35923,6.396862,1.389488,1059.781,9.261254,86.88004,0,84.32843,13.05135,-42.3431,37.95959,14.4937,81.73027,92.78884,62.91775,28.29368,0,0,0,#########,No Failure
VEH0004,2024-03-10 22:23:00,99879.05,97.69372,60.16485,93.62605,6.857214,-0.00433,1033.881,9.258452,9.491248,0,60.73968,12.62043,39.96153,16.6464,14.56825,70.14625,92.787,61.47132,23.7401,0,0,0,#########,No Failure
VEH0004,2024-03-10 23:58:00,99901.86,98.7739,56.58358,89.21837,4.657505,1.153705,944.6638,9.254438,186.3005,0,43.81832,12.23099,19.51615,17.80128,14.04179,50.84064,92.78539,69.53731,30.59091,0,0,0,#########,No Failure
VEH0004,2024-03-11 01:33:00,99909.3,98.84061,57.2926,90.60337,50.28643,2.371882,794.4762,9.24798,87.0538,0,76.58667,12.27448,37.79961,19.73674,14.08377,73.2085,92.78352,48.4627,12.04774,0,0,0,#########,No Failure
VEH0004,2024-03-11 03:15:00,99922.59,96.23224,41.84124,90.59084,11.32734,1.33645,1192.843,9.241062,156.346,0,44.92555,12.70878,19.96684,24.93189,13.94733,58.19982,92.77949,40.49871,15.28561,0,0,0,#########,No Failure
VEH0004,2024-03-11 04:25:00,99925.29,91.68091,46.37634,91.0851,99.93976,2.164794,1116.77,9.235662,28.79134,0,1.669916,13.08225,3.71756,27.06708,14.49878,77.39757,92.77557,88.98363,42.42926,0,0,0,#########,No Failure
VEH0004,2024-03-11 06:19:00,99931.81,102.27,50.91077,94.75597,3.55993,1.392216,1179.576,9.231569,71.22105,0,52.17888,11.95388,55.1536,21.18922,14.26238,68.10105,92.77223,93.6343,44.05967,0,0,0,#########,No Failure
VEH0004,2024-03-11 07:29:00,99957.86,84.616,35.22854,91.52882,64.56829,1.346137,902.191,9.225484,78.64736,0,47.66966,12.76537,13.3228,29.27896,14.57464,75.12653,92.76914,71.00209,41.37884,0,0,0,#########,No Failure
VEH0004,2024-03-11 08:49:00,99968.31,92.89779,51.12276,88.60777,83.16204,1.818948,876.8995,9.222628,2.494416,0,76.51421,13.06494,20.97718,27.88789,13.97949,50.41359,92.76523,73.63517,6.054856,0,0,0,#########,No Failure
VEH0004,2024-03-11 10:25:00,99996.48,85.32862,35.43414,88.66866,64.91876,1.009159,905.2335,9.220765,30.57093,0,98.40815,12.89317,33.79515,22.27092,14.4716,81.62632,92.76155,75.92001,50.67444,0,0,0,#########,No Failure
VEH0004,2024-03-11 11:28:00,100005.4,90.89916,42.31805,88.79956,43.93013,1.730326,1125.042,9.216294,23.63891,1,89.78863,13.16581,-7.99972,28.81572,14.50132,85.0506,92.75963,93.41379,37.05298,0,0,0,#########,No Failure
VEH0004,2024-03-11 13:06:00,100035.6,94.50393,53.40095,90.20182,97.14073,0.453414,974.9387,9.211068,45.80163,0,57.52066,12.88495,38.63466,17.54721,13.85939,67.24996,92.7583,0.0,29.02954,0,0,0,#########,No Failure
VEH0004,2024-03-11 14:28:00,100063.7,88.9928,37.34825,87.18704,28.57046,1.605537,883.8249,9.202241,132.3362,0,28.23914,12.32387,0.431506,21.22352,14.34656,86.66563,92.75643,9.57061,22.15189,0,0,0,#########,No Failure
VEH0004,2024-03-11 15:37:00,100106.9,100.7899,46.61471,89.31466,30.7056,1.335599,902.7871,9.200959,110.2455,0,73.65931,11.86652,16.86344,16.23784,14.49391,56.50583,92.75378,140.2835,26.3363,0,0,0,#########,No Failure
VEH0004,2024-03-11 16:47:00,100148.6,81.73063,45.70822,90.52957,24.93554,1.977631,997.4349,9.197207,146.8132,0,71.317,12.93004,22.2333,26.95674,13.80494,70.42192,92.75084,49.34967,27.68204,0,0,0,#########,No Failure
VEH0004,2024-03-11 18:22:00,100197.1,97.40793,33.19651,91.70106,79.99135,1.961956,951.0733,9.194234,82.98615,0,42.10724,13.2132,11.9213,17.16474,14.4144,56.86649,92.74895,100.4469,27.2124,0,0,0,#########,No Failure
VEH0004,2024-03-11 19:38:00,100213.4,101.304,56.26033,92.89665,93.63746,1.525946,944.4278,9.188091,83.14352,0,19.32533,12.19784,1.599117,21.32998,14.12825,83.90728,92.74759,37.22603,11.14686,0,0,0,#########,No Failure
VEH0004,2024-03-11 21:37:00,100242.3,100.6072,44.11657,88.81221,30.44013,0.997873,717.4077,9.186955,54.30558,1,74.44932,12.94543,12.35568,19.95197,14.16686,94.48882,92.74262,58.98384,37.21008,0,0,0,#########,No Failure
VEH0004,2024-03-11 23:14:00,100281.8,95.97526,42.10767,85.93594,54.40467,1.329237,1088.633,9.178774,61.37401,0,47.63005,12.49036,31.12801,29.19483,13.9468,82.58326,92.73778,55.17165,19.77882,0,0,0,#########,No Failure
VEH0004,2024-03-12 00:56:00,100304.7,97.95886,54.2554,87.05547,87.62339,1.116586,1059.288,9.174874,46.33914,0,99.3154,13.33006,11.84871,27.63073,14.30886,99.14064,92.73285,51.57575,27.97146,0,0,0,#########,No Failure
VEH0004,2024-03-12 02:07:00,100326.1,94.68298,27.54635,91.95967,6.1872,1.603498,957.4991,9.166115,155.8278,0,62.37213,12.47459,26.00076,23.86132,13.98991,55.84031,92.73077,150.9702,14.62704,0,0,0,#########,No Failure
VEH0004,2024-03-12 03:23:00,100338.9,98.36959,40.40969,85.23388,5.424225,0.922976,1113.792,9.157907,144.3723,0,65.04332,12.63488,13.04278,28.29214,13.8707,70.23883,92.72639,50.802,39.99928,0,0,0,#########,No Failure
VEH0004,2024-03-12 05:15:00,100353.1,88.75155,37.53649,89.56821,59.03271,2.050204,942.511,9.14817,133.7207,0,66.1577,13.35128,40.26902,29.21484,14.47372,50.96632,92.72304,8.357926,26.9789,0,0,0,#########,No Failure
VEH0004,2024-03-12 06:22:00,100354.6,96.3979,50.1113,91.71777,18.96194,1.743219,911.1613,9.145195,50.22539,0,16.73224,12.78372,-21.1974,27.64069,14.09722,87.90313,92.71822,111.7002,36.64159,0,0,0,#########,No Failure
VEH0004,2024-03-12 07:31:00,100402.1,90.54479,62.99721,92.57879,90.04989,1.429948,906.2037,9.136233,43.56347,0,99.20409,13.2004,-4.85119,21.82849,14.54821,72.62376,92.7143,150.9032,21.24744,0,0,0,#########,No Failure
VEH0004,2024-03-12 09:30:00,100406.9,95.02933,34.7704,90.17963,12.87347,0.5402,1044.968,9.129278,115.0269,0,95.95935,12.5157,-3.89391,20.15139,13.80501,74.95908,92.71052,73.5546,36.23137,0,0,0,#########,No Failure
VEH0004,2024-03-12 10:49:00,100409.8,92.43519,40.27402,88.36037,22.74299,1.297631,1005.794,9.128008,21.56491,0,14.20547,12.32494,22.01773,29.58558,14.17669,66.67103,92.70875,26.33481,30.72688,0,0,0,#########,No Failure
VEH0005,2024-03-10 00:00:00,36821.22,87.08435,41.50476,96.50999,48.90868,1.543253,1075.493,7.240704,2.10002,0,55.22537,12.45991,-8.72082,21.09896,14.37304,78.28099,97.25982,117.7047,34.66896,0,0,0,#########,No Failure
VEH0005,2024-03-10 01:45:00,36847.63,91.1672,51.2528,89.80697,41.99253,1.531929,837.018,7.232027,64.59282,0,26.54114,12.58104,28.10008,32.18735,14.01016,48.1292,97.25655,129.7217,28.40666,0,0,0,#########,No Failure
VEH0005,2024-03-10 03:28:00,36850.42,90.96433,44.97141,93.02715,10.48803,1.674095,978.6025,7.230685,155.6583,0,57.97968,11.56251,20.93973,23.4402,14.29318,55.73672,97.25375,77.34855,31.54456,0,0,0,#########,No Failure
VEH0005,2024-03-10 05:02:00,36892.76,96.76923,28.89436,87.46682,49.08701,1.624123,1059.629,7.226983,150.6394,0,38.17702,13.45286,20.44607,22.89123,14.25062,93.99449,97.25034,44.61661,27.67919,0,0,0,#########,No Failure
VEH0005,2024-03-10 06:42:00,36913.52,96.52288,55.4064,87.10838,89.0463,1.394577,1098.48,7.220747,89.88256,0,31.09021,11.92321,20.20621,28.61998,14.07543,97.36388,97.24707,158.2102,51.04586,0,0,0,#########,No Failure
VEH0005,2024-03-10 07:44:00,36950.03,92.63053,36.14155,90.15589,12.93182,1.464101,1280.166,7.212222,131.7833,0,27.10025,12.98241,22.54238,18.46493,13.89398,54.30905,97.24435,89.17139,23.80722,0,0,0,#########,No Failure
VEH0005,2024-03-10 09:06:00,36983.39,97.60263,53.34969,91.20878,63.78419,1.474507,888.1148,7.207628,120.243,0,62.77795,12.47697,33.12085,31.11155,13.846,78.20124,97.23991,70.48524,35.82935,0,0,0,#########,No Failure
VEH0005,2024-03-10 10:39:00,37033.18,101.0509,37.24436,86.37437,71.40874,2.594657,970.6666,7.202746,126.2373,0,20.35827,12.85768,24.03351,21.54894,14.15852,64.85386,97.23809,49.50634,28.08397,0,0,0,#########,No Failure
VEH0005,2024-03-10 12:38:00,37070.82,95.11072,53.35373,87.85311,34.27835,1.518827,1088.913,7.192852,147.3735,1,64.48448,12.2336,8.382307,15.72851,14.50116,77.78366,97.23351,23.84535,37.02853,0,0,0,#########,No Failure
VEH0005,2024-03-10 14:10:00,37099.66,100.2682,53.95688,85.31331,9.436544,1.106869,1086.563,7.188844,84.44488,0,75.68739,12.18109,-11.4662,25.49991,14.55314,68.62601,97.23154,133.0541,31.27511,0,0,0,#########,No Failure
VEH0005,2024-03-10 15:15:00,37143.16,91.14862,43.38459,87.44803,52.02793,1.861534,873.8622,7.181695,108.517,0,55.0973,12.27787,46.07209,18.65511,14.1623,77.27863,97.22805,54.25074,27.24484,0,0,0,#########,No Failure
VEH0005,2024-03-10 17:15:00,37176.92,95.35064,48.17205,89.5932,99.90965,0.341318,1135.475,7.180178,164.5122,0,81.15751,12.04571,29.90858,27.62457,14.33451,54.44986,97.22521,42.61918,39.25168,0,0,0,#########,No Failure
VEH0005,2024-03-10 19:00:00,37179.2,91.35764,36.54052,88.73776,31.90324,1.753954,1002.565,7.177456,86.3775,0,53.75771,11.70693,-32.17,19.92616,14.24457,62.40437,97.2209,120.4252,45.37511,0,0,0,#########,No Failure
VEH0005,2024-03-10 20:05:00,37220.35,101.301,47.95497,86.72588,4.527626,2.318928,1078.321,7.174062,63.20017,1,39.01316,12.30199,40.81105,26.0637,14.24518,44.54507,97.21916,14.84348,46.80836,0,0,0,#########,No Failure
VEH0005,2024-03-10 21:18:00,37253.31,92.37928,66.03362,88.00653,76.41652,0.936072,1216.729,7.164413,34.19676,0,24.35303,11.75702,-24.0653,17.23339,14.10901,94.75518,97.21614,76.12959,34.28546,0,0,0,#########,No Failure
VEH0005,2024-03-10 23:16:00,37301.14,96.04484,39.16788,93.20858,48.44054,1.323215,1101.975,7.159005,115.7789,0,5.723083,12.50748,8.484977,20.7284,14.63182,62.34417,97.21247,102.3894,25.19009,0,0,0,#########,No Failure
VEH0005,2024-03-11 00:34:00,37328.05,91.00996,62.30337,88.88132,99.82942,1.17567,905.4435,7.155711,146.2782,0,9.786142,13.28316,7.109136,26.40214,14.21374,51.26288,97.21146,40.11281,35.74081,0,0,0,#########,No Failure
VEH0005,2024-03-11 01:46:00,37339.91,94.58291,53.34251,88.30057,84.49688,0.967813,962.9367,7.150273,34.55199,0,34.69233,12.99868,4.754301,21.93112,13.76451,87.83272,97.20672,87.38703,40.71479,0,0,0,#########,No Failure
VEH0005,2024-03-11 03:27:00,37368.07,100.9569,31.65058,90.22013,99.12457,2.099019,1043.509,7.146089,201.0991,0,21.88852,12.80268,30.25526,28.66404,14.21567,99.26626,97.20176,97.53715,24.06329,0,0,0,#########,No Failure
VEH0005,2024-03-11 05:08:00,37396.1,91.84718,26.69318,90.39244,1.524307,1.414752,855.2801,7.142823,62.39176,0,52.29857,11.9902,5.133733,23.68449,14.4799,55.62517,97.19862,68.22336,-3.95966,0,0,0,#########,No Failure
VEH0005,2024-03-11 06:15:00,37403.09,93.98299,46.12308,84.91849,3.829614,1.060079,1094.917,7.139169,40.13187,0,79.85126,12.25292,-19.6556,29.19342,13.88397,72.437,97.1946,63.17804,5.766479,0,0,0,#########,No Failure
VEH0005,2024-03-11 07:55:00,37420.65,96.15675,45.7096,85.87801,63.88286,2.452716,1013.402,7.13357,22.63216,0,73.45381,12.90252,1.864574,18.49874,14.03603,76.61976,97.19052,82.42075,25.60126,0,0,0,#########,No Failure
VEH0005,2024-03-11 09:53:00,37449.26,94.57508,42.45561,85.34256,88.8525,0.416197,1109.028,7.132305,64.21719,0,77.84137,13.35278,-2.68243,22.61531,14.04991,58.27292,97.18815,102.5569,32.09675,0,0,0,#########,No Failure
VEH0005,2024-03-11 11:12:00,37462.19,96.73235,29.00064,89.93222,52.4054,1.629135,915.0063,7.124247,90.64178,0,12.30319,12.4834,-41.7887,27.57873,13.81232,82.45087,97.18583,107.5664,17.48207,0,0,0,#########,No Failure
VEH0005,2024-03-11 12:42:00,37502.01,99.67769,30.33751,89.54909,37.42659,1.705593,946.5228,7.118336,126.2448,0,84.84698,12.42791,18.27347,16.3968,13.94628,61.52836,97.18351,108.7355,30.40666,0,0,0,#########,No Failure
VEH0005,2024-03-11 13:53:00,37546.06,90.17354,34.83646,87.81408,18.12128,1.941322,1136.09,7.111742,38.91921,0,45.88937,12.69362,1.521035,19.99076,14.06134,76.28442,97.18056,75.28911,32.07918,0,0,0,#########,No Failure
VEH0005,2024-03-11 15:04:00,37567.36,99.09734,50.55218,90.36423,60.4508,1.70326,1121.315,7.106281,100.6835,0,49.78606,12.05227,32.42925,24.32396,13.68154,65.14061,97.1784,101.2192,27.48394,0,0,0,#########,No Failure
VEH0005,2024-03-11 16:54:00,37567.75,96.89866,46.11288,94.51796,0.988053,0.791001,1062.432,7.096297,43.50932,0,53.27728,12.54179,14.78617,29.66272,14.33561,83.92607,97.17451,27.27469,34.27785,0,0,0,#########,No Failure
VEH0005,2024-03-11 18:33:00,37596.17,94.8212,50.80311,93.64709,32.45119,1.678572,984.4419,7.086892,60.57985,0,77.66319,12.81637,22.69545,24.51573,14.66309,72.72865,97.17219,12.3134,26.824,0,0,0,#########,No Failure
VEH0005,2024-03-11 19:45:00,37629.93,103.0952,47.12043,89.2479,59.76022,0.581026,864.1852,7.081929,125.5784,0,36.78998,12.08467,-34.1688,23.20907,14.00933,92.52545,97.16956,32.05766,25.04967,0,0,0,#########,No Failure
VEH0005,2024-03-11 20:53:00,37672.41,85.91603,37.44335,90.75353,7.033112,1.939784,902.3077,7.07519,52.09094,0,67.44191,12.46591,15.41949,31.6843,14.04801,64.19006,97.16746,12.30241,44.4961,0,0,0,#########,No Failure
VEH0005,2024-03-11 21:56:00,37706.35,101.455,33.88642,86.07188,42.46953,2.141272,970.1941,7.066328,46.43065,0,95.10752,13.06378,-13.0153,20.29463,13.86688,88.6583,97.16319,65.64367,47.61727,0,0,0,#########,No Failure
VEH0005,2024-03-11 23:20:00,37728.38,95.77249,50.19953,86.94129,88.02945,1.777071,1110.111,7.057898,77.63428,0,61.116,13.01549,-36.9564,27.27574,13.60198,63.92709,97.16216,96.96625,37.84676,0,0,0,#########,No Failure
VEH0005,2024-03-12 01:11:00,37735.54,91.2194,42.08758,87.40751,75.76235,1.1491,1036.728,7.048927,124.7957,0,18.18859,11.97089,32.97829,17.65977,14.27276,72.85448,97.16057,133.3959,27.51011,0,0,0,#########,No Failure
VEH0005,2024-03-12 02:19:00,37774.93,89.63477,30.76808,85.93006,6.853099,1.483787,1052.289,7.040028,70.41889,0,12.55492,12.4088,21.81028,19.15524,13.64448,98.54287,97.15756,49.05194,31.45501,0,0,0,#########,No Failure
VEH0006,2024-03-10 00:00:00,56147.07,84.14204,35.69933,92.7569,46.71489,1.679259,1037.47,8.454024,65.79887,0,28.43603,12.22601,27.06545,26.53618,14.0763,72.88014,91.55521,45.8103,32.01928,0,0,0,#########,No Failure
VEH0006,2024-03-10 01:08:00,56186.83,95.84115,37.83051,92.23943,38.888,0.817115,983.8594,8.445382,178.1332,0,6.271562,13.01723,-15.9607,24.19883,13.83138,93.85998,91.55031,99.97819,32.31233,0,0,0,#########,No Failure
VEH0006,2024-03-10 02:54:00,56228.46,99.90935,42.74057,90.8422,73.65309,2.285364,906.7867,8.44348,50.65541,0,88.4092,12.48681,47.64236,21.52942,14.70573,82.16452,91.54879,58.36669,28.50217,0,0,0,#########,No Failure
VEH0006,2024-03-10 04:20:00,56240.23,81.76091,44.99363,86.44121,26.4886,2.191316,1100.538,8.439205,150.7257,1,83.84498,11.86232,34.61238,26.48234,14.53048,96.13659,91.54679,47.41984,39.62478,0,0,0,#########,No Failure
VEH0006,2024-03-10 05:33:00,56275.96,86.3484,36.48177,88.36036,56.87097,1.604945,985.4509,8.432541,119.9103,0,54.10734,12.23955,19.11273,22.5925,13.87173,50.53469,91.54503,88.74688,29.88699,0,0,0,#########,No Failure
VEH0006,2024-03-10 06:40:00,56311.78,85.92649,42.96291,89.92369,95.20886,1.249076,1006.084,8.427708,116.2726,0,83.52683,12.5372,19.68842,27.25536,13.62225,64.29803,91.54078,19.87995,27.26153,0,0,0,#########,No Failure
VEH0006,2024-03-10 07:51:00,56359.95,95.47718,53.11696,90.40003,59.43773,1.476791,1060.441,8.419043,142.8681,0,21.16775,13.08618,8.674206,19.49457,14.22223,61.20532,91.5359,138.9414,25.0783,0,0,0,#########,No Failure
VEH0006,2024-03-10 09:09:00,56389.11,91.29501,45.03943,86.71155,19.55049,0.820287,555.2557,8.413743,350.0679,0,59.34148,12.73452,-17.3876,23.41671,14.2375,52.07586,91.53413,102.4651,13.09277,0,1,0,#########,Brake Pad Worn
VEH0006,2024-03-10 10:47:00,56398.88,101.8335,45.51913,92.79833,93.71549,1.911844,969.4542,8.41138,47.63596,0,9.778933,12.39013,16.36965,30.03987,14.44173,75.18499,91.53105,46.17723,30.32167,0,0,0,#########,No Failure
VEH0006,2024-03-10 12:39:00,56427.0,91.3717,44.81108,91.50476,3.154712,1.54451,1185.681,8.407691,100.9064,0,41.56223,12.21273,-5.95895,24.46041,14.23891,92.62313,91.5264,73.38398,36.10417,0,0,0,#########,No Failure
VEH0006,2024-03-10 14:04:00,56469.63,88.71449,52.32973,91.80309,29.89293,0.598697,940.3985,8.397696,-29.8755,1,79.8708,13.56699,-6.75612,23.8466,14.20055,82.29002,91.52439,94.02016,20.56313,0,0,0,#########,No Failure
VEH0006,2024-03-10 15:37:00,56479.71,94.42999,34.8576,94.2592,96.58831,1.102456,1069.954,8.389238,57.24748,0,76.6956,13.47587,10.22874,28.38294,14.58413,65.97665,91.51944,93.06714,23.37475,0,0,0,#########,No Failure
VEH0006,2024-03-10 17:10:00,56479.98,96.13723,40.61936,93.60056,60.23049,1.589136,1017.366,8.379396,150.3911,0,14.33116,12.46957,42.98046,22.76104,13.83931,69.10143,91.515,125.9756,38.98419,0,0,0,#########,No Failure
VEH0006,2024-03-10 18:39:00,56497.81,94.88511,42.6119,88.93029,10.69273,1.929586,824.8401,8.369674,41.77533,0,52.33866,13.02635,13.87518,21.28756,13.77618,97.59728,91.51245,23.5572,30.38508,0,0,0,#########,No Failure
VEH0006,2024-03-10 20:05:00,56502.12,86.94513,39.3611,99.96479,44.76232,1.755683,981.9117,8.360277,131.9782,0,88.45182,12.09767,-26.4467,21.47161,13.62994,82.02036,91.51039,65.61033,35.79432,0,0,0,#########,No Failure
VEH0006,2024-03-10 21:49:00,56515.4,95.77513,51.84055,91.99762,11.04832,2.184603,1023.251,8.354866,-6.95743,0,50.25508,12.55117,14.24188,29.42371,14.30784,88.27495,91.50863,82.46118,42.64215,0,0,0,#########,No Failure
VEH0006,2024-03-10 23:25:00,56517.84,93.03486,28.01325,86.9063,44.68776,1.370654,1048.339,8.344999,78.8691,0,5.950588,12.89063,-9.22287,33.80934,14.65748,55.3103,91.50528,61.17162,29.59359,0,0,0,#########,No Failure
VEH0006,2024-03-11 01:22:00,56555.61,94.36069,43.80261,92.95787,86.86041,1.390691,823.2886,8.340152,38.76449,0,98.08534,11.9058,-8.67893,20.40843,14.31006,82.86768,91.50241,14.00226,34.29698,0,0,0,#########,No Failure
VEH0006,2024-03-11 02:26:00,56576.38,95.86869,80.26705,87.33153,27.38553,1.938203,1042.661,8.33743,6.713302,0,85.22863,12.58998,-7.39947,23.04541,13.93834,94.5388,91.49833,38.85248,14.51673,0,0,0,#########,No Failure
VEH0006,2024-03-11 04:02:00,56612.41,98.28409,46.38779,93.45009,90.65679,1.232887,1182.916,8.335054,123.0629,0,71.4853,12.32534,26.83764,40.32332,14.29156,53.62414,91.49729,44.80115,26.81495,0,0,0,#########,No Failure
VEH0006,2024-03-11 05:20:00,56634.09,87.30956,48.44364,87.22669,10.64786,1.193154,930.8143,8.332713,138.4052,0,3.521895,11.90349,0.818483,28.53756,14.34068,40.76134,91.49606,41.22758,30.51686,0,0,0,#########,No Failure
VEH0006,2024-03-11 06:51:00,56642.76,94.77834,48.10707,91.26149,53.16719,0.729292,907.6385,8.324365,108.4984,0,12.74203,12.4505,23.16991,26.80558,14.6683,81.30212,91.49189,74.05262,39.39562,0,0,0,#########,No Failure
VEH0006,2024-03-11 08:21:00,56651.11,97.28723,39.67576,88.64145,62.75342,2.037566,855.2285,8.319492,158.7396,0,22.8643,12.40437,21.29498,25.89076,13.66475,72.59885,91.48772,68.55038,40.30996,0,0,0,#########,No Failure
VEH0006,2024-03-11 10:04:00,56653.3,103.544,42.41669,92.10475,69.88354,1.521951,1051.912,8.309508,98.54418,0,56.65311,13.17601,-3.21781,20.52533,14.77506,95.93442,91.4831,94.03223,35.52339,0,0,0,#########,No Failure
VEH0006,2024-03-11 11:49:00,56687.16,101.246,26.67849,92.9679,50.16125,1.433597,1030.313,8.305809,122.9824,0,13.1551,12.08443,19.78708,24.97609,13.94624,56.65174,91.48018,81.82796,26.6487,0,0,0,#########,No Failure
VEH0006,2024-03-11 13:44:00,56706.31,95.79266,47.99245,88.12488,59.04663,2.269599,990.7118,8.299634,104.748,0,33.01577,13.34863,-48.1632,27.58209,13.71001,58.06671,91.47663,71.24643,21.08576,0,0,0,#########,No Failure
VEH0006,2024-03-11 15:24:00,56748.25,99.44463,37.85396,91.29178,36.70748,0.76914,1035.705,8.296289,83.61692,0,39.61505,11.641,33.87857,27.22256,14.34525,98.97216,91.47318,14.01858,33.31434,0,0,0,#########,No Failure
VEH0006,2024-03-11 17:22:00,56764.37,94.17542,50.82528,84.8426,86.16821,1.425877,1113.001,8.293005,140.2008,0,17.7412,12.49816,-67.8297,25.17062,14.20016,67.58374,91.47023,92.57167,38.8304,0,0,0,#########,No Failure
VEH0006,2024-03-11 18:41:00,56764.86,96.94426,35.88173,84.5548,79.6988,0.497689,885.9838,8.285838,-27.5315,0,65.0411,11.73846,51.222,26.86493,14.99035,56.99254,91.46697,109.4304,31.90546,0,0,0,#########,No Failure
VEH0006,2024-03-11 20:10:00,56769.12,89.00211,50.81619,86.91413,1.992513,1.758807,829.2544,8.278558,100.0587,1,37.33727,12.36371,10.6656,35.87337,13.99075,67.39496,91.46316,130.5259,36.72876,0,0,0,#########,No Failure
VEH0006,2024-03-11 21:21:00,56812.57,93.55495,49.32918,91.01856,62.94804,0.758382,1062.743,8.275465,29.71456,0,67.55549,13.25505,-47.3886,29.4742,14.16148,97.9844,91.46112,24.56517,22.48784,0,0,0,#########,No Failure
VEH0006,2024-03-11 22:48:00,56839.38,103.4202,39.4543,94.72013,3.276265,1.522952,1110.133,8.26662,185.8284,0,36.25539,12.55086,-1.74253,28.69176,14.57699,65.19869,91.45853,56.69241,17.19928,0,0,0,#########,No Failure
VEH0006,2024-03-11 23:54:00,56889.06,99.82626,45.64952,95.66639,15.24262,0.515178,1099.673,8.265446,47.29754,0,58.32704,12.23135,46.48659,33.67606,13.99065,74.07601,91.4543,51.11519,42.85516,0,0,0,#########,No Failure
VEH0006,2024-03-12 01:44:00,56925.76,101.9974,44.09461,90.10035,20.68437,1.20457,803.2657,8.262296,146.6071,0,19.35129,12.51385,13.11455,29.60925,14.55445,95.707,91.45219,77.22539,43.28471,0,0,0,#########,No Failure
VEH0006,2024-03-12 03:20:00,56958.55,93.29276,31.93719,88.62645,19.446,1.76552,1048.84,8.254486,54.40494,1,12.55119,12.58856,10.19734,29.1341,14.55875,92.82165,91.44748,68.57526,42.33459,0,0,0,#########,No Failure
VEH0006,2024-03-12 04:44:00,56974.96,98.29278,52.89586,92.10095,94.38352,1.699123,1202.511,8.250876,29.28753,0,30.79915,11.83532,25.24097,19.08915,13.76045,49.29178,91.44379,0.0,30.46281,0,0,0,#########,No Failure
VEH0006,2024-03-12 05:49:00,56983.78,88.0587,53.16875,92.21511,76.87429,1.527115,1050.399,8.243836,119.4521,0,53.85343,12.53039,8.589351,15.96772,14.32631,57.84045,91.43963,60.17366,36.76051,0,0,0,#########,No Failure
VEH0007,2024-03-10 00:00:00,45825.13,85.33345,44.85017,91.05146,66.57692,1.78539,1061.356,8.846245,28.49251,0,4.680904,12.0453,-4.46475,24.30637,14.25352,94.83906,93.4607,113.763,27.71657,0,0,0,#########,No Failure
VEH0007,2024-03-10 01:16:00,45826.72,86.87273,53.93653,92.4632,27.81804,1.653713,1087.442,8.836301,-6.9549,0,38.04629,12.44385,25.43455,20.08152,14.63182,79.45497,93.45654,0.0,25.32792,0,0,0,#########,No Failure
VEH0007,2024-03-10 03:06:00,45848.26,95.48878,52.18021,90.40568,67.43216,0.991024,1071.923,8.830979,130.4627,0,34.78672,12.34695,10.30327,35.77666,14.2395,93.65862,93.45228,31.48661,32.81695,0,0,0,#########,No Failure
VEH0007,2024-03-10 05:03:00,45863.29,86.78206,53.00461,89.61704,26.46746,1.329918,987.3465,8.829322,10.26871,0,91.1199,12.39048,-14.9726,29.78927,14.48988,81.56996,93.44881,95.62162,27.28116,0,0,0,#########,No Failure
VEH0007,2024-03-10 06:18:00,45891.73,100.5856,25.9353,95.15853,61.57571,0.926698,996.6288,8.828058,122.3482,0,37.50287,13.21292,50.61604,22.51258,14.66002,63.34488,93.4444,86.18363,12.54772,0,0,0,#########,No Failure
VEH0007,2024-03-10 07:58:00,45938.29,99.01397,48.46851,89.26471,73.44453,1.649281,838.8924,8.821986,51.93126,0,29.58028,11.04492,8.761588,23.13974,13.8153,64.54819,93.44235,26.15297,25.4621,0,0,0,#########,No Failure
VEH0007,2024-03-10 09:38:00,45979.59,95.4997,43.62769,86.17995,17.0522,1.096536,934.6603,8.814042,-4.83472,0,28.77894,12.66625,4.332071,28.4913,14.55764,55.27943,93.43849,87.53867,27.1028,0,0,0,#########,No Failure
VEH0007,2024-03-10 11:24:00,46026.81,105.1343,40.10213,89.70286,56.18558,1.330282,1031.841,8.811642,189.1823,1,27.14757,12.42561,29.84294,18.41448,13.79879,64.86799,93.43415,116.4314,26.564,0,0,0,#########,No Failure
VEH0007,2024-03-10 12:36:00,46027.75,92.05003,27.40786,87.14609,46.04774,1.259773,1067.592,8.805182,79.19311,0,94.72669,12.31907,-22.6149,25.46716,13.84195,90.73056,93.43027,86.45594,33.92331,0,0,0,#########,No Failure
VEH0007,2024-03-10 14:20:00,46047.03,92.71029,36.63907,93.37076,47.04332,1.780086,804.6599,8.799386,102.0627,0,63.23206,12.50629,-13.9556,23.36895,14.27989,89.21037,93.42823,68.93381,43.68016,0,0,0,#########,No Failure
VEH0007,2024-03-10 16:06:00,46060.01,93.82558,39.80782,91.37475,23.38783,1.562777,1066.946,8.791727,141.4431,0,95.0834,12.35566,31.42744,30.42721,14.22313,73.99207,93.42631,70.53934,31.62913,0,0,0,#########,No Failure
VEH0007,2024-03-10 17:16:00,46085.41,96.05043,44.85496,87.64505,17.37021,1.325448,1105.216,8.784274,119.2434,1,40.58828,13.10013,55.56879,19.9214,14.41652,67.91186,93.42503,30.74939,17.44753,0,0,0,#########,No Failure
VEH0007,2024-03-10 19:13:00,46096.58,95.84719,50.40053,93.96975,49.12648,1.741365,985.3953,8.783135,143.3529,0,47.00811,12.07361,54.99374,27.0654,13.91925,70.40851,93.42216,77.56999,17.47796,0,0,0,#########,No Failure
VEH0007,2024-03-10 21:07:00,46132.34,93.00149,39.13251,87.87853,1.870013,1.429244,1057.696,8.778879,158.6381,0,16.62192,13.09468,3.339478,28.99743,14.31931,76.47948,93.42079,0.0,35.77523,0,0,0,#########,No Failure
VEH0007,2024-03-10 22:50:00,46147.87,99.02794,51.2482,89.28213,76.99061,2.000582,1015.52,8.777169,89.72909,0,29.32991,12.87167,-1.42262,28.01654,14.61127,91.6465,93.41729,120.9047,25.77735,0,0,0,#########,No Failure
VEH0007,2024-03-11 00:42:00,46196.45,92.05229,64.41285,89.59071,48.82784,1.581853,831.4349,8.769281,7.636368,0,1.244071,12.29356,25.35027,21.05071,14.05032,51.25607,93.41351,90.67869,14.12887,0,0,0,#########,No Failure
VEH0007,2024-03-11 01:42:00,46240.29,95.01026,57.54748,87.24253,8.632437,2.225816,1149.427,8.76526,92.67592,0,82.43965,13.00218,30.99154,25.14599,14.26414,83.40044,93.41117,64.65353,15.39597,0,0,0,#########,No Failure
VEH0007,2024-03-11 03:10:00,46245.42,100.4451,30.99039,83.73049,94.4391,1.746568,989.6006,8.75619,89.72803,1,46.36682,12.02126,41.98525,27.33162,14.21456,68.42494,93.40695,0.0,42.22379,0,0,0,#########,No Failure
VEH0007,2024-03-11 04:30:00,46256.63,87.40891,53.95854,90.66933,48.07912,1.275947,933.9884,8.74674,104.3268,0,6.53386,12.60724,0.957969,27.90543,14.194,63.83922,93.40538,93.50893,19.58201,0,0,0,#########,No Failure
VEH0007,2024-03-11 05:57:00,46296.23,94.89005,40.63106,88.12061,51.07604,1.877192,985.5768,8.739282,108.0601,0,17.63126,12.68213,25.74859,20.85602,14.2444,65.48871,93.40074,72.48649,25.61857,0,0,0,#########,No Failure
VEH0007,2024-03-11 07:11:00,46334.84,100.9088,48.54823,95.01826,52.49236,1.345208,797.9785,8.729885,83.13149,0,53.78898,12.3709,11.6238,29.20991,14.73196,46.53124,93.39697,52.37219,42.44698,0,0,0,#########,No Failure
VEH0007,2024-03-11 08:53:00,46346.68,101.8382,32.43201,94.52705,12.20891,1.486552,1002.807,8.720461,97.38897,0,49.79422,12.94605,23.75382,25.957,14.03509,65.46488,93.39554,59.28093,35.28668,0,0,0,#########,No Failure
VEH0007,2024-03-11 10:25:00,46373.31,94.84783,47.84672,90.16033,54.14018,1.58828,1125.737,8.716524,21.50385,0,29.86877,12.55976,-3.34446,24.13237,14.19274,70.30701,93.39202,67.18649,28.47998,0,0,0,#########,No Failure
VEH0007,2024-03-11 11:36:00,46422.74,86.5767,40.76959,92.21941,45.61127,0.940657,954.2379,8.706592,87.82452,0,21.72313,12.43289,20.19639,26.65023,14.14175,74.34666,93.38922,42.02379,35.92733,0,0,0,#########,No Failure
VEH0007,2024-03-11 13:11:00,46437.77,99.39979,37.58085,92.91128,60.64474,1.546729,1062.575,8.702534,8.926936,0,88.98762,13.11992,1.856144,25.21436,14.66207,54.5474,93.38664,180.0,31.29279,0,0,0,#########,No Failure
VEH0007,2024-03-11 14:42:00,46450.9,85.83227,63.87879,89.56427,68.22565,1.477926,1027.665,8.695412,154.8245,0,72.99366,10.46989,-54.9336,22.04592,14.32078,49.97156,93.38368,17.40272,46.79859,0,0,1,#########,Battery Drain
VEH0007,2024-03-11 16:26:00,46467.25,99.13586,53.35286,90.91052,20.61316,2.66523,869.0663,8.686658,122.8556,0,70.60652,12.68759,6.555878,25.65125,14.05428,73.59359,93.38166,51.01684,18.89312,0,0,0,#########,No Failure
VEH0007,2024-03-11 17:47:00,46471.15,99.04094,45.46452,87.69065,24.38287,1.471649,1079.603,8.679955,86.64582,1,23.49274,12.1932,4.213463,20.44005,14.23766,47.76322,93.37772,49.13693,23.89716,0,0,0,#########,No Failure
VEH0007,2024-03-11 18:57:00,46520.74,88.69609,52.72745,88.30999,26.74652,2.188511,1129.892,8.676796,133.0553,0,41.01153,12.52262,5.283303,22.09703,14.06532,99.42532,93.37466,93.97296,33.63079,0,0,0,#########,No Failure
VEH0007,2024-03-11 20:19:00,46569.49,94.25685,56.69618,91.80386,6.095148,1.276539,1001.021,8.670188,7.885346,0,6.815405,12.76502,-41.9475,21.21767,14.33395,72.83874,93.37222,61.32648,33.45871,0,0,0,#########,No Failure
VEH0007,2024-03-11 21:55:00,46604.3,88.6863,22.83449,84.85813,99.5036,0.655909,929.7098,8.666533,192.684,0,32.91254,12.35748,25.32275,24.0247,14.10615,60.85257,93.3706,73.6865,15.78526,0,0,0,#########,No Failure
VEH0007,2024-03-11 23:40:00,46606.22,96.16298,45.61131,84.87913,12.20408,1.315206,456.641,8.662124,298.7756,0,49.25901,13.13321,-8.55068,20.55746,14.09911,96.06001,93.36691,53.40851,29.72122,0,1,0,#########,Low Brake Fluid
VEH0007,2024-03-12 01:07:00,46648.22,102.5822,48.28077,91.10719,46.61838,1.502083,1001.762,8.652895,102.0973,1,81.67491,12.59394,22.58126,26.9183,13.97827,78.4668,93.36452,122.338,29.20869,0,0,0,#########,No Failure
VEH0007,2024-03-12 02:41:00,46669.81,99.3357,54.80372,85.7867,23.35059,2.139342,1068.008,8.64327,45.35218,1,73.41555,12.90307,2.740678,31.23467,13.64819,99.80754,93.36033,25.23658,30.23662,0,0,0,#########,No Failure
VEH0007,2024-03-12 04:21:00,46688.96,97.83589,48.31693,86.29391,91.24362,1.72361,917.0816,8.635956,116.1607,1,89.6555,11.26322,2.102657,17.64164,14.4491,76.06193,93.35902,75.49736,34.61537,0,0,0,#########,No Failure
VEH0007,2024-03-12 06:09:00,46712.02,93.66213,43.60515,95.34466,52.05117,1.663536,1102.142,8.632311,97.65854,0,95.43925,12.67414,1.452953,17.10142,13.99008,67.89636,93.35497,62.25521,44.41329,0,0,0,#########,No Failure
VEH0007,2024-03-12 07:09:00,46754.85,98.06072,35.15837,88.1023,96.17695,0.783702,1074.944,8.626701,6.342711,0,50.68766,12.19197,4.489813,20.52,14.2861,77.49816,93.3536,67.43758,21.5409,0,0,0,#########,No Failure
VEH0007,2024-03-12 09:00:00,46773.21,86.79586,38.876,86.50634,57.9762,1.725037,958.9411,8.617767,105.6076,0,90.70266,12.20473,-19.0597,28.59125,14.49766,95.04704,93.35071,34.58538,32.79534,0,0,0,#########,No Failure
VEH0007,2024-03-12 10:06:00,46795.21,92.5326,34.28591,92.39669,30.15558,1.395251,1031.673,8.610045,115.1582,0,36.88179,12.33329,-2.40246,33.7835,14.20418,52.0617,93.34878,25.66684,9.903103,0,0,0,#########,No Failure
VEH0007,2024-03-12 11:59:00,46826.0,96.7441,36.24853,92.82455,31.70238,1.459637,1169.651,8.605452,3.209424,0,1.074483,12.48736,28.74083,18.3887,14.47575,43.62579,93.34462,140.4591,21.01377,0,0,0,#########,No Failure
VEH0008,2024-03-10 00:00:00,67338.93,86.90495,51.77231,91.56805,92.71308,0.992317,805.0125,8.079805,52.34768,1,82.52221,12.0045,44.99994,23.22924,14.49903,41.21393,97.19134,83.33342,38.25725,0,0,0,#########,No Failure
VEH0008,2024-03-10 01:11:00,67378.6,94.70657,56.80069,82.77369,12.0153,1.262586,985.8261,8.071191,23.79563,0,90.9346,12.68576,-3.15141,28.7045,14.07724,60.30593,97.18694,36.33317,9.322342,0,0,0,#########,No Failure
VEH0008,2024-03-10 02:55:00,67415.04,90.48973,41.53959,87.69037,71.81494,2.045088,887.2951,8.067884,25.82937,0,62.33939,12.95943,23.533,20.05728,14.16289,52.19804,97.18415,90.6635,32.86815,0,0,0,#########,No Failure
VEH0008,2024-03-10 04:11:00,67444.45,100.1408,49.42199,91.5806,8.654866,1.858116,975.8938,8.063071,37.61097,0,15.43562,13.49312,18.94847,27.50083,13.61447,59.28244,97.18118,60.40546,31.81448,0,0,0,#########,No Failure
VEH0008,2024-03-10 05:52:00,67481.58,97.21534,35.25371,94.20331,26.98918,1.322138,978.4487,8.061077,20.7294,0,13.19378,12.40175,33.23232,28.1361,14.43592,65.4259,97.17952,70.00598,24.29806,0,0,0,#########,No Failure
VEH0008,2024-03-10 07:51:00,67511.54,98.42426,43.98617,87.64127,50.36321,1.143921,723.7305,8.058365,101.0015,0,22.81409,13.04746,45.26284,19.47868,14.47672,71.68532,97.17612,170.5353,25.37015,0,0,0,#########,No Failure
VEH0008,2024-03-10 09:10:00,67519.08,93.47986,46.37814,87.25685,42.97026,2.130266,1114.224,8.048707,39.50473,0,4.921068,13.12872,-28.3241,24.01829,14.73715,76.69521,97.17296,43.66158,25.24063,0,0,0,#########,No Failure
VEH0008,2024-03-10 10:23:00,67533.77,87.58449,29.51948,89.36769,36.85223,1.805595,952.0442,8.043094,0.830934,0,14.35246,11.93267,-3.45959,24.03438,14.52923,73.02132,97.17053,96.36807,27.26261,0,0,0,#########,No Failure
VEH0008,2024-03-10 11:53:00,67546.49,97.97695,55.94534,90.3311,17.46337,1.858757,1110.847,8.036323,74.39373,0,79.40212,12.55703,-6.90271,22.56982,14.53661,81.90829,97.16936,26.51882,36.95971,0,0,0,#########,No Failure
VEH0008,2024-03-10 13:17:00,67571.07,100.9638,47.89011,94.7078,48.73264,1.376506,932.5526,8.03446,129.0397,0,26.06553,12.63121,0.677103,22.50254,14.09974,73.75328,97.1683,84.52416,30.21234,0,0,0,#########,No Failure
VEH0008,2024-03-10 14:44:00,67571.28,93.7798,32.20849,88.75976,17.29921,1.050596,1056.673,8.028204,82.80806,0,4.106162,13.09397,41.21022,28.76543,13.73635,56.03675,97.16374,0.0,16.97409,0,0,0,#########,No Failure
VEH0008,2024-03-10 16:29:00,67591.31,99.43288,58.65543,88.37947,13.6712,1.829291,1230.053,8.022935,43.25746,0,80.17273,12.99699,-0.6055,20.65942,14.83068,54.17906,97.16101,81.77198,20.6069,0,0,0,#########,No Failure
VEH0008,2024-03-10 17:57:00,67619.6,90.729,33.46646,95.09206,48.40205,2.851405,966.6722,8.021496,128.5474,0,68.43121,12.1411,3.650243,20.6357,14.65843,87.87837,97.15714,41.5523,35.16568,0,0,0,#########,No Failure
VEH0008,2024-03-10 19:06:00,67627.47,95.1424,58.60551,90.16753,89.31333,1.537452,926.2622,8.017024,92.0925,0,26.29906,12.77049,-31.6503,29.09862,13.75092,75.55009,97.15242,108.5532,26.72224,0,0,0,#########,No Failure
VEH0008,2024-03-10 20:56:00,67668.93,92.50003,48.77772,88.1556,24.76167,1.751214,964.3267,8.012501,37.71244,0,94.57414,12.067,4.179747,23.90035,13.50499,76.25661,97.15064,75.14593,36.52053,0,0,0,#########,No Failure
VEH0008,2024-03-10 22:35:00,67713.81,99.24552,50.11354,91.54125,85.02148,1.369798,904.6807,8.010635,77.29652,0,85.58466,12.53891,11.58354,26.64771,14.13215,93.31777,97.1469,3.644857,26.01093,0,0,0,#########,No Failure
VEH0008,2024-03-10 23:57:00,67755.55,98.83306,38.28815,85.46367,46.80933,1.60044,830.0465,8.006534,71.08028,0,13.75634,12.09356,63.90914,25.25945,13.99353,48.85247,97.14295,73.31045,36.41997,0,0,0,#########,No Failure
VEH0008,2024-03-11 00:59:00,67785.84,93.56641,50.08758,88.01491,82.11568,1.030313,788.1344,8.001852,101.4555,1,51.01371,11.91025,22.85949,25.3616,14.11195,70.80016,97.13909,180.0,28.99975,0,0,0,#########,No Failure
VEH0008,2024-03-11 01:59:00,67833.6,93.92563,48.27731,87.60514,47.93791,0.258809,969.6215,7.998818,90.4355,0,84.01186,13.03565,-13.136,29.41441,13.56429,42.58264,97.138,87.31489,24.10924,0,0,0,#########,No Failure
VEH0008,2024-03-11 03:23:00,67871.61,94.77323,23.25402,90.90398,85.37432,2.026142,941.7134,7.993515,105.8463,0,82.32869,11.88234,31.86909,23.83692,14.00558,69.40891,97.13336,97.38937,29.77387,0,0,0,#########,No Failure
VEH0008,2024-03-11 05:21:00,67916.66,87.67262,22.94668,87.89365,6.275762,1.032773,932.6673,7.986372,47.22966,0,56.54198,12.02211,16.53573,25.90491,14.04,94.89986,97.12998,125.6533,30.44148,0,0,0,#########,No Failure
VEH0008,2024-03-11 06:38:00,67920.2,102.7055,65.30352,91.39388,43.74647,2.05887,1004.435,7.980767,92.9965,0,30.78846,12.75484,-10.3211,17.80757,14.32303,50.00019,97.12614,98.37197,25.66391,0,0,0,#########,No Failure
VEH0008,2024-03-11 08:22:00,67964.33,95.47099,51.05521,88.79386,90.01966,0.866692,907.8101,7.976457,78.0648,0,10.64197,12.68427,15.54336,23.03907,14.58127,97.12331,97.12305,59.05205,45.48636,0,0,0,#########,No Failure
VEH0008,2024-03-11 09:46:00,68010.39,100.2941,36.28259,89.04862,88.15866,1.849514,901.3174,7.974569,68.03669,0,96.05794,12.37245,31.41437,19.19743,14.20112,56.3054,97.12019,177.7918,40.90206,0,0,0,#########,No Failure
VEH0008,2024-03-11 11:06:00,68021.18,97.17435,26.59995,85.1086,44.90559,2.270506,834.9952,7.966727,109.7009,1,69.20807,12.06903,46.58241,27.84592,14.07254,75.91484,97.11638,95.81857,13.38173,0,0,0,#########,No Failure
VEH0008,2024-03-11 12:51:00,68021.39,103.4889,36.56533,89.58793,20.65299,0.497879,993.2481,7.964509,90.51066,0,37.46071,11.86775,19.89717,24.53011,14.07817,67.23774,97.11363,62.83933,36.98083,0,0,0,#########,No Failure
VEH0008,2024-03-11 13:53:00,68049.97,97.28025,59.16586,91.41672,68.66077,0.784278,1233.71,7.959796,140.9993,0,57.50243,12.62626,31.12189,24.34504,14.14275,45.2324,97.11126,50.61837,26.75024,0,0,0,#########,No Failure
VEH0008,2024-03-11 15:34:00,68066.67,98.0443,48.13673,88.80878,44.66332,1.351435,956.459,7.953513,102.8432,0,72.5462,12.79809,30.2152,30.0586,13.61119,76.29993,97.10974,19.42761,21.86998,0,0,0,#########,No Failure
VEH0008,2024-03-11 17:34:00,68078.64,90.36064,29.53588,91.75319,43.80978,0.940684,1048.701,7.951947,86.81084,1,69.14563,11.66161,6.613233,22.08194,14.44809,53.46732,97.10608,104.459,20.2191,0,0,0,#########,No Failure
VEH0008,2024-03-11 19:05:00,68091.84,93.47103,54.75911,85.06687,98.2778,1.841698,1022.885,7.949679,56.3802,0,86.32889,12.25821,27.99402,27.14288,14.07807,69.88708,97.10355,52.2702,33.72907,0,0,0,#########,No Failure
VEH0008,2024-03-11 20:54:00,68124.38,96.47899,37.62738,93.75708,26.64146,1.08962,906.5435,7.944397,79.39196,0,68.31965,12.79825,52.88565,25.58452,14.2804,44.4199,97.10049,85.51927,39.25367,0,0,0,#########,No Failure
VEH0008,2024-03-11 22:18:00,68170.88,91.18294,40.73061,91.58727,86.91379,1.683795,1030.397,7.942767,28.01885,0,68.44763,13.10936,40.86943,24.48783,14.49811,97.82913,97.09737,15.5751,26.25705,0,0,0,#########,No Failure
VEH0008,2024-03-11 23:29:00,68208.93,94.86404,48.31622,88.00842,71.54656,0.623526,1019.508,7.937748,78.54008,0,12.53546,13.39592,-4.57538,22.03363,13.88713,57.10496,97.09238,106.2699,48.157,0,0,0,#########,No Failure
VEH0008,2024-03-12 00:59:00,68242.02,91.11327,71.58202,91.10336,46.92604,1.370036,870.6317,7.931033,24.98519,0,87.84408,12.53865,29.72462,25.01211,14.33363,92.41748,97.08918,58.23594,18.17364,0,0,0,#########,No Failure
VEH0008,2024-03-12 02:15:00,68272.54,99.21171,38.9257,93.43399,38.64615,1.15194,1077.843,7.922192,26.57224,1,90.27199,12.80023,17.34876,22.71403,14.06887,82.84284,97.08576,69.33757,38.55062,0,0,0,#########,No Failure
VEH0008,2024-03-12 04:05:00,68299.88,100.1874,53.34225,88.60162,78.41828,1.398366,884.6381,7.913338,132.6271,1,74.06274,12.81144,48.68689,23.17728,14.0764,89.41046,97.08107,76.45491,20.06574,0,0,0,#########,No Failure
VEH0009,2024-03-10 00:00:00,34240.97,91.39808,40.11946,90.39892,25.95305,1.172774,898.5816,7.982501,117.8248,0,51.97405,12.76475,18.35276,28.32901,14.7125,58.17713,97.94929,66.0813,9.657859,0,0,0,#########,No Failure
VEH0009,2024-03-10 01:10:00,34262.73,100.0447,34.60345,91.46419,17.2285,1.352094,1045.516,7.980508,-13.2256,0,17.81868,12.64417,26.97154,20.94191,14.60796,44.2467,97.9477,91.86044,21.98572,0,0,0,#########,No Failure
VEH0009,2024-03-10 03:02:00,34278.75,95.72945,48.07538,86.25522,42.78258,1.5057,1037.849,7.974048,94.86218,0,67.22841,12.71137,27.06653,18.52341,13.78766,51.14523,97.94462,94.30948,27.54921,0,0,0,#########,No Failure
VEH0009,2024-03-10 05:01:00,34299.35,93.93032,37.34938,95.53099,56.0572,1.592014,1048.083,7.966079,14.18717,0,26.2194,13.2672,24.91213,25.42537,14.10555,87.43239,97.94055,112.4403,38.68841,0,0,0,#########,No Failure
VEH0009,2024-03-10 06:17:00,34303.65,98.34286,54.41315,88.68996,15.24054,1.024313,843.7687,7.959763,24.94627,0,50.94942,12.47615,34.89923,27.60772,14.61449,73.72902,97.93573,57.61099,24.45078,0,0,0,#########,No Failure
VEH0009,2024-03-10 08:08:00,34338.48,90.57234,34.66722,90.09496,26.53806,1.672836,1080.991,7.958415,53.39528,0,55.64128,12.27052,-6.55265,14.93469,14.25013,75.01018,97.9344,0.0,30.03459,0,0,0,#########,No Failure
VEH0009,2024-03-10 09:18:00,34353.44,90.97318,66.71124,89.70429,33.268,1.736724,917.9512,7.955974,132.961,0,14.75592,12.92715,47.01047,20.2453,14.08071,96.55801,97.93082,52.69666,43.4044,0,0,0,#########,No Failure
VEH0009,2024-03-10 10:27:00,34368.47,88.85136,50.40591,92.3553,43.90666,1.620493,1286.774,7.949424,73.2263,0,79.06971,12.93512,2.485367,33.98602,14.20027,64.86114,97.92738,91.28692,50.15347,0,0,0,#########,No Failure
VEH0009,2024-03-10 12:15:00,34410.7,92.56483,38.30787,85.05105,8.923794,1.746518,953.7366,7.939703,198.5669,0,93.78904,12.93492,-12.6395,25.18022,13.86741,66.01206,97.92586,36.26974,38.46684,0,0,0,#########,No Failure
VEH0009,2024-03-10 13:19:00,34424.86,93.71602,45.70036,87.72731,11.7385,1.111106,1017.372,7.932918,67.79314,0,47.8988,12.40331,50.82133,23.08367,13.9503,76.22893,97.922,105.3896,19.35253,0,0,0,#########,No Failure
VEH0009,2024-03-10 14:31:00,34473.71,91.97163,52.81152,90.76426,58.86327,1.57218,1035.193,7.93066,26.9711,0,56.98964,11.68023,-5.60108,28.06173,13.7484,47.55256,97.9206,38.44265,38.24463,0,0,0,#########,No Failure
VEH0009,2024-03-10 15:32:00,34503.36,89.58723,40.10874,92.31262,24.8759,1.877285,931.1075,7.92366,44.59289,0,32.12059,12.30344,-0.56008,24.35982,13.97225,72.11299,97.91732,47.93649,31.88357,0,0,0,#########,No Failure
VEH0009,2024-03-10 16:58:00,34533.76,92.76581,32.9568,87.16693,33.72615,2.097448,860.0218,7.917577,112.9426,0,94.35711,13.4498,13.88189,25.53567,14.22371,85.00213,97.91439,34.9745,45.23182,0,0,0,#########,No Failure
VEH0009,2024-03-10 18:35:00,34548.46,87.80634,35.29079,93.65268,25.2366,2.071246,1004.664,7.911353,30.0428,0,95.01755,12.33621,-2.00269,23.97432,14.40714,48.20036,97.91317,32.00998,28.13901,0,0,0,#########,No Failure
VEH0009,2024-03-10 20:10:00,34596.53,103.2983,45.3904,86.50189,86.42421,1.644196,993.9248,7.905155,57.83495,0,0.933955,12.29335,-4.51318,29.18811,14.51116,68.58814,97.9104,166.3887,40.19914,0,0,0,#########,No Failure
VEH0009,2024-03-10 21:41:00,34611.85,94.45816,30.46456,89.60505,74.50977,0.855829,1231.966,7.902282,42.85139,0,73.27096,11.83385,-17.2619,24.99942,13.82253,64.192,97.9058,69.09762,37.05935,0,0,0,#########,No Failure
VEH0009,2024-03-10 23:21:00,34660.63,89.71176,29.88179,89.27946,59.0206,1.993445,1009.338,7.898032,55.79156,0,48.44517,13.21123,33.62232,21.08165,14.55788,92.36866,97.90409,99.08418,21.12711,0,0,0,#########,No Failure
VEH0009,2024-03-11 00:22:00,34697.6,90.86822,48.87652,90.93394,42.11283,2.09156,1055.045,7.888136,96.94859,0,62.70609,11.88981,3.568866,19.152,14.12144,45.25837,97.89926,78.31875,30.57467,0,0,0,#########,No Failure
VEH0009,2024-03-11 01:23:00,34733.59,101.2301,56.88829,95.35502,99.59956,1.05154,983.0821,7.879775,103.4206,0,7.436367,12.52352,6.420428,26.29001,14.08406,71.12041,97.89435,48.62404,28.06508,0,0,0,#########,No Failure
VEH0009,2024-03-11 03:03:00,34755.08,96.62942,35.52044,92.41459,94.43254,0.981349,1133.553,7.873743,114.176,0,15.09334,13.20164,-23.4358,17.64297,13.97821,41.69469,97.89249,0.0,15.65613,0,0,0,#########,No Failure
VEH0009,2024-03-11 04:07:00,34757.43,86.17498,34.32064,87.61379,58.75921,1.726657,951.3118,7.872667,-9.19015,0,38.88892,12.74834,23.07631,23.50879,14.0767,88.07328,97.88834,64.68025,6.701157,0,0,0,#########,No Failure
VEH0009,2024-03-11 05:38:00,34762.67,88.17577,46.10715,88.47082,34.11365,1.467457,1011.043,7.864238,99.31776,0,0.887035,12.37973,-41.9538,29.82061,14.17556,44.5437,97.88665,88.13167,12.26572,0,0,0,#########,No Failure
VEH0009,2024-03-11 07:38:00,34802.34,99.15735,48.5394,86.86934,53.4028,0.801011,1086.187,7.856021,46.04303,0,50.36957,12.55939,24.36544,33.25726,14.27352,85.04216,97.88301,31.41171,30.01048,0,0,0,#########,No Failure
VEH0009,2024-03-11 09:03:00,34847.15,90.8915,32.4782,97.07167,92.73709,0.923624,1199.712,7.848899,193.6785,0,93.99961,13.09064,35.37056,28.28639,13.72883,95.33542,97.87945,50.54306,24.65724,0,0,0,#########,No Failure
VEH0009,2024-03-11 10:28:00,34848.17,88.11166,58.94036,92.3361,53.2143,1.562561,943.9258,7.839063,46.76129,0,13.83416,12.69924,24.78966,15.31204,14.56252,49.98294,97.87813,57.09303,32.12114,0,0,0,#########,No Failure
VEH0009,2024-03-11 12:10:00,34862.61,101.5477,45.39496,93.1733,93.40919,1.323997,825.3004,7.835946,16.90058,0,40.75391,11.56734,-3.89141,29.93702,14.0123,59.18656,97.8746,0.0,43.25012,0,0,0,#########,No Failure
VEH0009,2024-03-11 13:35:00,34869.28,97.20653,27.46967,88.97858,2.982171,0.899698,1101.337,7.825953,118.5132,0,89.25249,11.8403,18.08107,23.28288,13.84548,43.81759,97.87187,26.3051,36.08588,0,0,0,#########,No Failure
VEH0009,2024-03-11 15:04:00,34916.75,89.33083,48.51104,86.08676,4.470054,2.050902,948.9251,7.816135,8.91743,0,58.5277,12.70309,10.5452,28.02671,14.27668,82.67857,97.86701,105.6107,12.44934,0,0,0,#########,No Failure
VEH0009,2024-03-11 16:20:00,34925.51,106.0649,41.46782,87.39754,57.70239,0.972558,1030.515,7.81457,61.31899,0,16.93875,12.58832,24.01259,33.97008,14.61082,73.69448,97.86282,72.03868,15.76429,0,0,0,#########,No Failure
VEH0009,2024-03-11 17:27:00,34954.32,98.52246,62.61059,93.07985,24.02273,1.294973,1158.815,7.812297,145.0268,0,39.78543,12.5143,13.40592,31.34169,13.72268,50.33273,97.85927,55.81513,30.40501,0,0,0,#########,No Failure
VEH0009,2024-03-11 18:55:00,34963.83,91.41243,30.84034,87.22243,29.02647,1.157577,1006.435,7.802679,13.15292,0,57.83364,11.68181,30.85264,28.72463,14.14879,94.63594,97.8575,40.17774,41.64627,0,0,0,#########,No Failure
VEH0009,2024-03-11 20:36:00,34970.87,99.74827,71.12928,89.95676,55.6894,1.953768,1106.141,7.794854,98.04529,0,56.41614,11.67747,-14.8194,20.89903,14.22209,49.13892,97.85511,93.52366,18.55708,0,0,0,#########,No Failure
VEH0009,2024-03-11 21:58:00,35012.73,95.31569,43.46097,87.21213,33.64459,1.912556,1099.9,7.786312,61.89641,1,11.35304,13.07398,9.207181,31.99114,13.96608,82.91054,97.85361,37.9923,49.24686,0,0,0,#########,No Failure
VEH0009,2024-03-11 23:13:00,35054.62,87.88617,42.11499,91.86881,50.3765,2.516182,1048.635,7.776716,61.71078,0,34.00599,12.85493,32.16773,15.40764,14.03394,54.03876,97.85214,104.404,22.57531,0,0,0,#########,No Failure
VEH0009,2024-03-12 00:14:00,35067.19,104.9339,36.86652,91.98044,18.64996,1.303189,952.4255,7.774835,134.3838,0,49.76255,12.48412,10.35404,18.50455,14.22613,93.92754,97.85046,16.84176,49.15826,0,0,0,#########,No Failure
VEH0009,2024-03-12 01:14:00,35111.51,88.23114,44.76854,89.73181,3.55592,1.61208,936.0088,7.770645,0.308416,0,74.21862,12.62149,-11.1375,38.65653,13.7392,45.94486,97.84734,50.2848,36.21478,0,0,0,#########,No Failure
VEH0009,2024-03-12 02:19:00,35112.75,100.3835,50.43278,85.20873,5.798409,0.555531,1141.114,7.761478,77.47669,0,76.9181,12.22734,-14.81,19.62111,13.50083,83.53992,97.84305,77.73489,28.71901,0,0,0,#########,No Failure
VEH0009,2024-03-12 03:37:00,35123.38,93.23175,53.30869,93.26371,15.82697,1.117537,1013.253,7.753284,23.73265,0,24.16363,13.93929,-11.261,18.59568,14.49933,70.81039,97.83857,138.1907,25.13079,0,0,0,#########,No Failure
VEH0009,2024-03-12 04:38:00,35123.89,93.32153,55.43484,88.76128,98.62742,1.544711,1096.261,7.751013,121.339,0,53.33802,12.86012,23.60132,23.53828,14.36784,67.27409,97.83617,38.1126,20.22541,0,0,0,#########,No Failure
VEH0009,2024-03-12 05:58:00,35151.78,99.50622,29.30454,88.41479,30.77918,1.876894,933.4439,7.74923,158.5484,0,1.680924,12.99813,10.924,18.75987,14.61598,96.20307,97.83143,73.77609,38.58088,0,0,0,#########,No Failure
VEH0009,2024-03-12 07:37:00,35200.7,98.08604,45.58397,89.75187,11.70331,1.134642,1126.791,7.743714,17.33844,0,38.91569,11.63661,-6.32807,24.96245,13.91914,91.96848,97.82815,0.0,48.95691,0,0,0,#########,No Failure
VEH0009,2024-03-12 08:57:00,35216.69,99.56763,39.63586,92.89316,98.20028,0.689519,1074.648,7.741066,13.68265,0,37.72304,12.88689,1.268786,21.39986,14.48424,44.50741,97.82415,123.5794,37.5357,0,0,0,#########,No Failure
VEH0009,2024-03-12 10:15:00,35247.26,87.39068,37.00006,93.19363,9.897764,0.83701,980.9879,7.733134,116.3991,0,12.73036,12.20521,-5.80842,21.60194,14.19948,76.36059,97.82062,110.1347,27.72842,0,0,0,#########,No Failure
VEH0009,2024-03-12 11:37:00,35265.04,97.54592,59.35972,88.55084,28.85036,2.088993,950.824,7.72423,46.66339,1,66.16019,12.85808,-27.2824,19.23741,14.13975,54.05907,97.81642,87.3991,28.59088,0,0,0,#########,No Failure
VEH0010,2024-03-10 00:00:00,87178.63,96.81541,46.797,93.21917,81.36515,1.442692,1154.44,7.85072,22.98692,0,89.09807,12.93293,2.898579,19.01246,14.70245,67.10369,93.70636,37.20322,13.22204,0,0,0,#########,No Failure
VEH0010,2024-03-10 01:52:00,87196.56,100.6623,37.75816,93.76262,94.41259,1.765026,1084.724,7.84688,48.30705,0,6.494472,12.83517,15.92951,30.89636,14.17225,84.40446,93.70318,65.69384,31.87965,0,0,0,#########,No Failure
VEH0010,2024-03-10 03:26:00,87197.59,94.14905,49.51247,87.06761,4.989538,1.393329,1029.294,7.840838,135.6834,0,74.01416,12.51621,1.1802,25.1515,14.46959,40.54029,93.6991,72.93958,25.831,0,0,0,#########,No Failure
VEH0010,2024-03-10 05:13:00,87202.57,101.3885,51.20695,88.23003,92.74923,1.965665,750.9592,7.831193,117.8789,0,61.67087,12.22611,-7.50187,25.37037,13.58679,54.52296,93.69576,90.37367,33.85449,0,0,0,#########,No Failure
VEH0010,2024-03-10 06:30:00,87248.05,88.28422,42.56621,88.91948,54.5133,2.120536,1149.546,7.828218,63.45402,0,9.164157,12.71374,44.41567,33.22423,14.02717,88.53883,93.69385,85.94262,30.97279,0,0,0,#########,No Failure
VEH0010,2024-03-10 07:59:00,87282.93,107.0757,23.38504,91.28221,95.93331,1.308519,959.5898,7.82324,75.2369,0,55.00733,12.80639,-12.2461,33.67577,13.58808,78.9193,93.68909,140.0721,15.88397,0,0,0,#########,No Failure
VEH0010,2024-03-10 09:20:00,87321.24,93.58607,55.10053,93.28716,4.598652,1.941819,1032.396,7.820117,103.4547,0,44.36551,12.94634,52.49194,25.55425,14.33421,42.25366,93.68645,63.89094,29.85476,0,0,0,#########,No Failure
VEH0010,2024-03-10 10:48:00,87339.96,93.49313,48.30423,88.67484,87.66392,1.218342,910.1319,7.812745,72.69607,0,12.91312,13.02102,7.893472,31.02969,14.33866,86.10334,93.68266,118.7157,36.36959,0,0,0,#########,No Failure
VEH0010,2024-03-10 12:18:00,87386.65,91.35541,62.85489,94.18237,32.37659,1.541969,1012.988,7.809176,65.00194,0,6.979046,12.76512,45.85018,29.29865,14.05755,73.17203,93.68143,133.4343,49.7066,0,0,0,#########,No Failure
VEH0010,2024-03-10 13:51:00,87432.63,85.81486,38.84041,93.99635,18.70055,2.159614,958.0016,7.803275,147.126,1,40.17011,12.64118,21.07539,29.03143,14.82282,92.41723,93.67997,12.81947,27.62809,0,0,0,#########,No Failure
VEH0010,2024-03-10 15:06:00,87481.63,99.66629,28.5703,85.25748,67.20255,0.88812,1007.807,7.796768,79.56802,0,69.65876,12.3091,13.04922,20.81553,14.36244,80.06565,93.67864,36.80374,31.49458,0,0,0,#########,No Failure
VEH0010,2024-03-10 16:45:00,87490.46,88.99315,42.9992,89.9812,58.21637,1.233186,888.994,7.794547,94.34906,0,86.44197,12.62596,33.39151,22.4207,14.21821,48.75115,93.67669,104.5014,21.32433,0,0,0,#########,No Failure
VEH0010,2024-03-10 18:15:00,87523.5,94.38493,28.49289,87.43196,17.63859,1.849623,1031.825,7.789145,71.94224,1,44.15769,11.56793,-14.8659,18.43565,14.12414,85.71819,93.67544,110.413,10.51815,0,0,0,#########,No Failure
VEH0010,2024-03-10 19:23:00,87556.04,89.74327,57.33076,86.72454,72.85925,1.826948,1033.817,7.782004,116.5593,0,15.32803,12.88753,5.630886,30.18812,14.27415,95.14715,93.67342,80.81732,35.88328,0,0,0,#########,No Failure
VEH0010,2024-03-10 20:50:00,87570.17,99.40202,50.55431,89.0973,51.72095,1.932654,1000.575,7.776628,165.1185,0,88.80901,12.92606,17.57719,22.6841,14.13476,46.35951,93.66941,74.23344,27.94419,0,0,0,#########,No Failure
VEH0010,2024-03-10 22:45:00,87583.17,99.8147,46.15605,89.03815,41.41992,1.13626,958.7871,7.77077,19.27744,0,62.81441,13.32456,13.45529,28.80242,14.46749,90.66588,93.66668,133.2639,36.76063,0,0,0,#########,No Failure
VEH0010,2024-03-11 00:10:00,87629.5,96.2245,40.74864,93.91092,84.13881,0.272487,1068.322,7.762231,92.48632,0,66.11816,13.02626,16.13967,23.24528,14.6277,43.95418,93.66195,116.7326,22.75643,0,0,0,#########,No Failure
VEH0010,2024-03-11 01:57:00,87643.48,97.78311,42.5049,92.76767,5.130705,1.106096,1037.644,7.758687,35.66182,0,63.70232,12.4391,18.90488,18.23815,14.28303,87.59872,93.65868,150.4613,44.54878,0,0,0,#########,No Failure
VEH0010,2024-03-11 03:16:00,87667.86,101.9674,45.29822,91.59165,78.2726,1.993352,1067.972,7.751061,115.345,0,55.59644,11.87867,19.52525,23.62246,14.53128,65.22837,93.65639,36.74023,35.87412,0,0,0,#########,No Failure
VEH0010,2024-03-11 04:53:00,87716.66,107.6993,8.298198,93.97445,21.45208,4.497011,1022.898,7.743241,88.21944,0,68.85177,12.36943,22.1777,28.97422,14.30089,67.19654,93.65492,59.2016,16.41249,1,0,0,#########,Engine Overheat
VEH0010,2024-03-11 06:45:00,87750.85,89.5531,38.26902,92.26025,15.69565,1.01904,856.9205,7.741617,77.71599,0,22.38393,12.67066,6.427808,26.76138,14.32206,47.58208,93.65289,26.48762,20.57417,0,0,0,#########,No Failure
VEH0010,2024-03-11 08:30:00,87777.83,96.62142,40.63926,92.15469,2.428933,1.271705,954.4222,7.733872,149.9341,0,86.26757,12.3315,26.98885,41.68263,13.87064,52.13954,93.65147,102.5614,42.04528,0,0,0,#########,No Failure
VEH0010,2024-03-11 10:23:00,87812.03,100.8858,37.71801,90.61155,65.84641,1.129847,946.4703,7.726622,112.015,0,96.78856,11.46897,0.317877,27.71862,14.27294,41.87873,93.64881,50.52757,22.15156,0,0,0,#########,No Failure
VEH0010,2024-03-11 11:28:00,87843.9,94.12523,43.56671,88.68144,42.11878,1.825623,936.7857,7.717369,144.9766,0,40.92353,13.18161,9.810369,16.55066,14.43892,80.84721,93.64506,44.21175,26.55576,0,0,0,#########,No Failure
VEH0010,2024-03-11 12:54:00,87846.76,88.86923,56.55013,89.25772,93.00282,0.526205,1067.467,7.714468,-2.72979,0,90.7275,13.92615,-9.35899,15.80055,14.90604,82.27377,93.64383,47.88691,35.78357,0,0,0,#########,No Failure
VEH0010,2024-03-11 14:22:00,87891.36,101.3935,49.2617,87.63258,57.71329,1.340973,1075.623,7.708838,21.48618,0,40.71363,12.6718,47.68328,25.3781,14.30182,67.43455,93.64172,17.37411,20.43974,0,0,0,#########,No Failure
VEH0010,2024-03-11 15:43:00,87939.44,91.99256,41.99604,88.91989,12.35393,1.12704,964.1489,7.706988,72.23463,0,69.14246,13.28447,19.81324,29.5969,14.02686,90.56556,93.63928,93.47816,28.23317,0,0,0,#########,No Failure
VEH0010,2024-03-11 17:06:00,87958.17,92.32587,41.7328,98.28688,80.19969,0.775614,879.4422,7.698335,76.73145,0,19.67998,12.77749,-16.7635,26.72426,14.22977,83.16689,93.63454,43.89964,42.14004,0,0,0,#########,No Failure
VEH0010,2024-03-11 18:42:00,87997.98,94.5556,48.70791,96.36692,32.98263,2.258362,854.4968,7.688653,118.0398,0,36.06232,12.88105,15.67523,25.58028,13.96414,88.47929,93.63246,64.48808,28.70375,0,0,0,#########,No Failure
VEH0010,2024-03-11 19:44:00,88001.77,108.1425,6.174339,92.75917,23.134,4.128202,837.2451,7.680294,95.32393,0,92.29701,12.2055,35.10576,35.05601,14.07731,55.25474,93.62795,44.9709,33.13575,1,0,0,#########,Excessive Vibration
VEH0010,2024-03-11 21:40:00,88019.29,96.64329,35.41143,92.73315,46.98089,1.610997,1171.745,7.673742,137.9722,0,57.5508,12.5744,-9.82002,21.31617,14.17126,85.87224,93.6255,82.86019,14.52272,0,0,0,#########,No Failure
VEH0010,2024-03-11 22:54:00,88062.77,90.75299,32.85546,92.75399,43.84844,1.791828,940.943,7.667533,13.81973,0,91.98604,12.86524,-4.13074,22.4308,14.25906,44.25997,93.62432,28.04761,22.88953,0,0,0,#########,No Failure
VEH0010,2024-03-12 00:53:00,88087.02,104.1012,52.77329,92.98408,46.79276,2.21205,1039.722,7.660829,28.29345,1,45.92613,12.42543,4.454353,30.50185,14.34662,53.493,93.62092,101.1391,18.81153,0,0,0,#########,No Failure
VEH0010,2024-03-12 02:13:00,88095.29,91.45628,42.38163,90.92104,5.13099,0.928346,954.1402,7.658124,48.03629,0,86.18967,12.65277,28.34503,24.00051,14.10082,48.12647,93.61605,0.0,41.53264,0,0,0,#########,No Failure
VEH0010,2024-03-12 03:28:00,88113.05,98.21432,36.13078,88.29052,99.0904,1.448046,1038.775,7.655519,144.5795,0,94.74143,12.88999,38.86944,20.51498,14.58926,53.80364,93.61503,23.80732,39.41022,0,0,0,#########,No Failure
VEH0010,2024-03-12 04:58:00,88138.22,96.92143,46.85415,93.35113,41.96359,1.842982,807.1327,7.64833,67.93875,0,41.54244,12.58703,16.01534,31.62631,14.67788,66.10122,93.61197,24.25706,39.13623,0,0,0,#########,No Failure
VEH0010,2024-03-12 06:07:00,88150.09,103.0135,67.81265,92.34979,96.99215,2.138222,947.6217,7.64002,122.1344,0,37.8684,13.24428,16.01866,24.71038,13.79043,99.08848,93.60902,67.51527,45.70155,0,0,0,#########,No Failure
VEH0010,2024-03-12 07:34:00,24466.32,101.6585,43.56186,89.32847,57.50584,1.445301,956.2604,8.585763,26.94708,0,50.71895,13.06585,23.89024,34.32535,14.38389,55.67838,92.74117,103.3053,33.57739,0,0,0,#########,No Failure
VEH0010,2024-03-12 08:44:00,24515.08,91.0148,36.22822,92.00265,55.87598,1.229155,986.377,8.580766,83.41667,0,49.96368,13.31749,17.48314,16.36715,13.66629,48.51142,92.73964,124.8519,25.63654,0,0,0,#########,No Failure
VEH0010,2024-03-12 10:34:00,24545.19,85.57904,42.29571,89.57537,29.26562,2.267154,946.7799,8.571407,36.97297,0,0.320747,12.30103,43.19841,18.77792,14.33516,43.67905,92.73863,114.0745,34.13949,0,0,0,#########,No Failure
VEH0010,2024-03-12 11:56:00,24571.24,95.77852,38.19373,90.02478,91.34111,1.965928,987.1431,8.564091,154.5195,1,93.94579,12.72745,-2.78109,22.1152,14.33528,71.77465,92.73683,143.9795,37.08978,0,0,0,#########,No Failure
VEH0010,2024-03-12 13:34:00,24610.1,95.66196,47.52282,89.54785,58.26234,1.310788,1148.988,8.5553,95.39497,0,66.75298,12.21684,-3.4353,23.23069,13.9235,70.53676,92.73348,42.76427,24.24543,0,0,0,#########,No Failure
VEH0010,2024-03-12 15:29:00,24653.36,95.27674,38.42333,88.41465,28.88314,1.668743,908.2574,8.546743,70.40486,1,54.97266,13.08236,8.598341,21.34125,13.876,47.53321,92.73125,72.40773,37.79457,0,0,0,#########,No Failure
